task,metric,advice_type,batch,n_seeds,mean,std,lower_band,upper_band
copy,cost,combined,100,3,18.30666666666667,0.5993607705992544,17.707305896067414,18.906027437265923
copy,cost,combined,200,3,15.506666666666666,0.2967041174863156,15.20996254918035,15.803370784152982
copy,cost,combined,300,3,14.006666666666666,0.2098412098071621,13.796825456859503,14.216507876473829
copy,cost,combined,400,3,13.26,0.08544003745317526,13.174559962546825,13.345440037453175
copy,cost,combined,500,3,13.12,0.2251666049839537,12.894833395016045,13.345166604983953
copy,cost,combined,600,3,12.506666666666666,0.3234707611722163,12.18319590549445,12.830137427838881
copy,cost,combined,700,3,12.046666666666667,0.2797022226106421,11.766964444056025,12.326368889277308
copy,cost,combined,800,3,11.660000000000002,0.3143246729100339,11.345675327089968,11.974324672910036
copy,cost,combined,900,3,11.416666666666666,0.3477547028198663,11.0689119638468,11.764421369486532
copy,cost,combined,1000,3,11.4,0.08717797887081365,11.312822021129186,11.487177978870815
copy,cost,combined,1100,3,10.983333333333334,0.3667878587594374,10.616545474573897,11.350121192092772
copy,cost,combined,1200,3,10.910000000000002,0.10999999999999943,10.800000000000002,11.020000000000001
copy,cost,combined,1300,3,10.746666666666668,0.04932882862316244,10.697337838043506,10.79599549528983
copy,cost,combined,1400,3,10.270000000000001,0.15524174696260049,10.114758253037401,10.425241746962602
copy,cost,combined,1500,3,10.366666666666667,0.43385865593915846,9.93280801072751,10.800525322605825
copy,cost,combined,1600,3,10.113333333333333,0.40414518843273833,9.709188144900596,10.517478521766071
copy,cost,combined,1700,3,9.976666666666667,0.18876793513023737,9.78789873153643,10.165434601796903
copy,cost,combined,1800,3,9.836666666666666,0.13613718571108102,9.700529480955584,9.972803852377748
copy,cost,combined,1900,3,9.413333333333334,0.31785741037976967,9.095475922953565,9.731190743713103
copy,cost,combined,2000,3,9.696666666666667,0.08326663997864453,9.613400026688023,9.779933306645312
copy,cost,combined,2100,3,9.32,0.08185352771872449,9.238146472281276,9.401853527718725
copy,cost,combined,2200,3,9.123333333333333,0.10016652800877868,9.023166805324554,9.223499861342113
copy,cost,combined,2300,3,9.209999999999999,0.2718455443813634,8.938154455618635,9.481845544381363
copy,cost,combined,2400,3,9.11,0.21283796653792755,8.897162033462072,9.322837966537927
copy,cost,combined,2500,3,8.719999999999999,0.26057628441590747,8.45942371558409,8.980576284415907
copy,cost,combined,2600,3,9.043333333333335,0.34486712417006815,8.698466209163266,9.388200457503403
copy,cost,combined,2700,3,8.683333333333334,0.22120880030716145,8.462124533026172,8.904542133640495
copy,cost,combined,2800,3,8.593333333333334,0.2608320021265293,8.332501331206805,8.854165335459863
copy,cost,combined,2900,3,8.473333333333334,0.1650252505931542,8.30830808274018,8.63835858392649
copy,cost,combined,3000,3,8.25,0.019999999999999574,8.23,8.27
copy,cost,combined,3100,3,8.176666666666666,0.26539279065817356,7.911273876008492,8.44205945732484
copy,cost,combined,3200,3,8.046666666666667,0.22368132093076792,7.822985345735899,8.270347987597434
copy,cost,combined,3300,3,8.203333333333333,0.06110100926607754,8.142232324067255,8.264434342599412
copy,cost,combined,3400,3,7.93,0.1609347693943106,7.7690652306056895,8.09093476939431
copy,cost,combined,3500,3,7.846666666666667,0.22188585654190174,7.624780810124765,8.068552523208568
copy,cost,combined,3600,3,7.786666666666666,0.21548395145191968,7.571182715214746,8.002150618118586
copy,cost,combined,3700,3,7.57,0.39344631145811976,7.176553688541881,7.96344631145812
copy,cost,combined,3800,3,7.353333333333333,0.22278539748675943,7.1305479358465735,7.576118730820092
copy,cost,combined,3900,3,7.666666666666667,0.25106440076867415,7.415602265897993,7.917731067435341
copy,cost,combined,4000,3,7.3933333333333335,0.04725815626252608,7.346075177070808,7.440591489595859
copy,cost,combined,4100,3,7.266666666666667,0.1890326250501045,7.077634041616562,7.455699291716771
copy,cost,combined,4200,3,7.2299999999999995,0.12288205727444532,7.107117942725554,7.352882057274445
copy,cost,combined,4300,3,7.146666666666666,0.2177919496522617,6.928874717014404,7.364458616318927
copy,cost,combined,4400,3,7.096666666666667,0.11930353445448853,6.9773631322121785,7.215970201121155
copy,cost,combined,4500,3,6.859999999999999,0.25709920264364905,6.602900797356351,7.117099202643648
copy,cost,combined,4600,3,6.746666666666667,0.24501700621249412,6.501649660454173,6.991683672879161
copy,cost,combined,4700,3,6.723333333333334,0.4015387071420804,6.321794626191253,7.124872040475414
copy,cost,combined,4800,3,6.4366666666666665,0.11372481406154682,6.32294185260512,6.550391480728213
copy,cost,combined,4900,3,6.403333333333332,0.19731531449265008,6.206018018840682,6.600648647825983
copy,cost,combined,5000,3,6.413333333333333,0.3239341496868358,6.089399183646497,6.737267483020169
copy,cost,none,100,3,17.376666666666665,0.5173329037798905,16.859333762886774,17.893999570446557
copy,cost,none,200,3,14.46,0.19287301521985867,14.267126984780143,14.652873015219859
copy,cost,none,300,3,13.18,0.06557438524302037,13.11442561475698,13.24557438524302
copy,cost,none,400,3,12.573333333333332,0.1755942292142121,12.39773910411912,12.748927562547545
copy,cost,none,500,3,12.426666666666668,0.03511884584284256,12.391547820823826,12.46178551250951
copy,cost,none,600,3,11.836666666666668,0.2608320021265283,11.575834664540139,12.097498668793197
copy,cost,none,700,3,11.339999999999998,0.36013886210738255,10.979861137892616,11.70013886210738
copy,cost,none,800,3,11.246666666666668,0.2550163393458021,10.991650327320865,11.50168300601247
copy,cost,none,900,3,11.123333333333333,0.14742229591663944,10.975911037416694,11.270755629249972
copy,cost,none,1000,3,11.026666666666669,0.47247574893674027,10.55419091772993,11.499142415603409
copy,cost,none,1100,3,10.963333333333333,0.29365512652316084,10.669678206810172,11.256988459856494
copy,cost,none,1200,3,10.31,0.47148700936505117,9.83851299063495,10.781487009365051
copy,cost,none,1300,3,10.433333333333334,0.20231987873991392,10.23101345459342,10.635653212073247
copy,cost,none,1400,3,10.036666666666667,0.3572580766523455,9.679408590014322,10.393924743319012
copy,cost,none,1500,3,10.21,0.18520259177452186,10.02479740822548,10.395202591774522
copy,cost,none,1600,3,9.936666666666666,0.12662279942148386,9.810043867245183,10.063289466088149
copy,cost,none,1700,3,9.873333333333333,0.546382039724343,9.32695129360899,10.419715373057675
copy,cost,none,1800,3,9.666666666666666,0.2150193789716026,9.451647287695064,9.881686045638268
copy,cost,none,1900,3,9.393333333333333,0.08326663997864524,9.310066693354688,9.476599973311977
copy,cost,none,2000,3,9.36,0.2551470164434613,9.104852983556539,9.61514701644346
copy,cost,none,2100,3,9.393333333333333,0.13650396819628827,9.256829365137044,9.529837301529621
copy,cost,none,2200,3,9.163333333333334,0.09073771725877439,9.07259561607456,9.254071050592108
copy,cost,none,2300,3,9.03,0.3395585369269924,8.690441463073007,9.369558536926991
copy,cost,none,2400,3,9.15,0.40595566260368904,8.74404433739631,9.55595566260369
copy,cost,none,2500,3,8.826666666666668,0.19347695814575264,8.633189708520915,9.020143624812421
copy,cost,none,2600,3,8.89,0.3601388621073826,8.529861137892619,9.250138862107383
copy,cost,none,2700,3,8.819999999999999,0.11135528725660078,8.708644712743398,8.931355287256599
copy,cost,none,2800,3,8.663333333333332,0.23115651263447765,8.432176820698855,8.89448984596781
copy,cost,none,2900,3,8.676666666666668,0.128970280814354,8.547696385852314,8.805636947481021
copy,cost,none,3000,3,8.416666666666666,0.04932882862316244,8.367337838043504,8.465995495289828
copy,cost,none,3100,3,8.076666666666666,0.2557994005726626,7.8208672660940035,8.332466067239329
copy,cost,none,3200,3,8.49,0.12288205727444512,8.367117942725555,8.612882057274446
copy,cost,none,3300,3,8.246666666666668,0.09451631252505184,8.152150354141616,8.34118297919172
copy,cost,none,3400,3,8.083333333333334,0.4350095784386052,7.6483237548947285,8.518342911771938
copy,cost,none,3500,3,7.993333333333332,0.31214312956291906,7.681190203770413,8.305476462896252
copy,cost,none,3600,3,7.836666666666666,0.02516611478423618,7.81150055188243,7.861832781450902
copy,cost,none,3700,3,7.8933333333333335,0.31501322723551356,7.57832010609782,8.208346560568847
copy,cost,none,3800,3,7.483333333333333,0.29670411748631575,7.1866292158470175,7.780037450819649
copy,cost,none,3900,3,7.816666666666666,0.15567059238447517,7.660996074282191,7.972337259051142
copy,cost,none,4000,3,7.73,0.18330302779823326,7.546696972201767,7.913303027798234
copy,cost,none,4100,3,7.523333333333333,0.35837596645608555,7.164957366877248,7.881709299789419
copy,cost,none,4200,3,7.523333333333333,0.19553345834749955,7.327799874985834,7.718866791680833
copy,cost,none,4300,3,7.406666666666666,0.1446835627614047,7.261983103905262,7.5513502294280705
copy,cost,none,4400,3,7.456666666666667,0.25482019804821854,7.201846468618449,7.711486864714885
copy,cost,none,4500,3,7.19,0.1587450786638754,7.031254921336125,7.3487450786638755
copy,cost,none,4600,3,7.260000000000001,0.09643650760992933,7.163563492390072,7.35643650760993
copy,cost,none,4700,3,7.113333333333334,0.1686218649325568,6.944711468400778,7.281955198265891
copy,cost,none,4800,3,6.9366666666666665,0.2458319208998971,6.69083474576677,7.182498587566563
copy,cost,none,4900,3,7.0200000000000005,0.2707397274136176,6.749260272586383,7.290739727413618
copy,cost,none,5000,3,6.77,0.27,6.5,7.039999999999999
copy,cost,zero,100,3,16.733333333333334,0.06658328118479295,16.66675005214854,16.79991661451813
copy,cost,zero,200,3,14.303333333333333,0.23288051299611437,14.070452820337218,14.536213846329447
copy,cost,zero,300,3,13.053333333333333,0.23180451534284993,12.821528817990483,13.285137848676182
copy,cost,zero,400,3,12.193333333333333,0.13503086067019376,12.05830247266314,12.328364194003527
copy,cost,zero,500,3,12.376666666666665,0.08386497083606109,12.292801695830605,12.460531637502726
copy,cost,zero,600,3,11.866666666666667,0.17009801096230773,11.69656865570436,12.036764677628975
copy,cost,zero,700,3,11.520000000000001,0.03464101615137783,11.485358983848624,11.554641016151379
copy,cost,zero,800,3,11.086666666666666,0.2466441431158118,10.840022523550854,11.333310809782478
copy,cost,zero,900,3,11.14,0.2066397831977183,10.933360216802281,11.34663978319772
copy,cost,zero,1000,3,10.933333333333332,0.17616280348965013,10.757170529843682,11.109496136822981
copy,cost,zero,1100,3,10.606666666666667,0.30088757590391385,10.305779090762753,10.907554242570582
copy,cost,zero,1200,3,10.336666666666666,0.2375570107012907,10.099109655965375,10.574223677367957
copy,cost,zero,1300,3,10.066666666666666,0.25106440076867403,9.815602265897992,10.317731067435341
copy,cost,zero,1400,3,9.916666666666666,0.06027713773341757,9.85638952893325,9.976943804400083
copy,cost,zero,1500,3,10.14,0.3642801120017391,9.775719887998262,10.504280112001739
copy,cost,zero,1600,3,9.92,0.4553020975132886,9.464697902486712,10.375302097513288
copy,cost,zero,1700,3,9.603333333333332,0.1601041327803045,9.443229200553027,9.763437466113636
copy,cost,zero,1800,3,9.343333333333334,0.11015141094572277,9.233181922387612,9.453484744279056
copy,cost,zero,1900,3,9.306666666666667,0.06350852961085952,9.243158137055808,9.370175196277525
copy,cost,zero,2000,3,9.393333333333333,0.20599352740640509,9.187339805926928,9.599326860739737
copy,cost,zero,2100,3,9.200000000000001,0.07211102550928021,9.127888974490721,9.27211102550928
copy,cost,zero,2200,3,8.896666666666667,0.12220201853215584,8.774464648134511,9.018868685198822
copy,cost,zero,2300,3,8.97,0.12529964086141662,8.844700359138583,9.095299640861418
copy,cost,zero,2400,3,8.933333333333332,0.23544284515213768,8.697890488181194,9.16877617848547
copy,cost,zero,2500,3,8.473333333333334,0.12220201853215584,8.35113131480118,8.59553535186549
copy,cost,zero,2600,3,8.94,0.35085609585697636,8.589143904143024,9.290856095856975
copy,cost,zero,2700,3,8.72,0.34394767043839614,8.376052329561604,9.063947670438397
copy,cost,zero,2800,3,8.49,0.08717797887081365,8.402822021129186,8.577177978870814
copy,cost,zero,2900,3,8.416666666666666,0.3501904243884083,8.066476242278258,8.766857091055074
copy,cost,zero,3000,3,8.29,0.2662705391138875,8.023729460886111,8.556270539113887
copy,cost,zero,3100,3,8.016666666666666,0.2775487945088815,7.7391178721577845,8.294215461175547
copy,cost,zero,3200,3,8.22,0.2981610303175119,7.921838969682489,8.518161030317513
copy,cost,zero,3300,3,8.136666666666668,0.37166292972710313,7.7650037369395655,8.508329596393772
copy,cost,zero,3400,3,7.923333333333333,0.29501412395567317,7.6283192093776595,8.218347457289006
copy,cost,zero,3500,3,7.786666666666666,0.08504900548115353,7.701617661185512,7.87171567214782
copy,cost,zero,3600,3,7.5566666666666675,0.05773502691896237,7.498931639747705,7.61440169358563
copy,cost,zero,3700,3,7.7,0.3241913015489468,7.375808698451054,8.024191301548948
copy,cost,zero,3800,3,7.37,0.11135528725660077,7.2586447127434,7.4813552872566005
copy,cost,zero,3900,3,7.633333333333333,0.14294521094927728,7.490388122384055,7.776278544282611
copy,cost,zero,4000,3,7.44,0.18000000000000016,7.26,7.620000000000001
copy,cost,zero,4100,3,7.3133333333333335,0.020816659994661382,7.292516673338672,7.334149993327995
copy,cost,zero,4200,3,7.140000000000001,0.20297783130184452,6.937022168698156,7.3429778313018454
copy,cost,zero,4300,3,7.096666666666667,0.09018499505645819,7.006481671610208,7.186851661723125
copy,cost,zero,4400,3,7.123333333333332,0.2236813209307684,6.899652012402564,7.3470146542641
copy,cost,zero,4500,3,7.06,0.20297783130184452,6.857022168698155,7.2629778313018445
copy,cost,zero,4600,3,6.920000000000001,0.1664331697709322,6.753566830229069,7.086433169770933
copy,cost,zero,4700,3,6.89,0.4750789408087882,6.414921059191212,7.365078940808788
copy,cost,zero,4800,3,6.739999999999999,0.24269322199023183,6.497306778009768,6.982693221990231
copy,cost,zero,4900,3,6.693333333333334,0.32347076117221657,6.369862572161118,7.0168040945055505
copy,cost,zero,5000,3,6.6066666666666665,0.22744962812309327,6.379217038543573,6.83411629478976
