task,group,metric,advice_type,batch,mean,std,min,max,n_seeds,seeds,common_horizon,report_interval,sd_shading
copy,structural_features,ber,none,200,0.466559209736685,0.007676029445078659,0.4559620444476604,0.47810421079397203,6,"1000,1001,1002,1003,1004,1005",20000,200,True
copy,structural_features,ber,none,400,0.4301793726782004,0.008730595282253008,0.41820343740284444,0.44062718875706197,6,"1000,1001,1002,1003,1004,1005",20000,200,True
copy,structural_features,ber,none,600,0.42210421980669105,0.005023801918152079,0.4149788998067379,0.43061224721372127,6,"1000,1001,1002,1003,1004,1005",20000,200,True
copy,structural_features,ber,none,800,0.41191905036568643,0.0037898138071678594,0.4066390983760357,0.41673181049525737,6,"1000,1001,1002,1003,1004,1005",20000,200,True
copy,structural_features,ber,none,1000,0.4038307055458426,0.006788368600012127,0.39544595159590246,0.4145573718100786,6,"1000,1001,1002,1003,1004,1005",20000,200,True
copy,structural_features,ber,none,1200,0.39885957978665826,0.005105666466887608,0.39001886546611786,0.40589755825698376,6,"1000,1001,1002,1003,1004,1005",20000,200,True
copy,structural_features,ber,none,1400,0.3940314796318611,0.006259982190335552,0.38114279791712763,0.39912218548357487,6,"1000,1001,1002,1003,1004,1005",20000,200,True
copy,structural_features,ber,none,1600,0.393467308456699,0.005940228198260969,0.38599803306162356,0.4050555769354105,6,"1000,1001,1002,1003,1004,1005",20000,200,True
copy,structural_features,ber,none,1800,0.39080637493481235,0.004833468513481427,0.38394966498017313,0.3964042539894581,6,"1000,1001,1002,1003,1004,1005",20000,200,True
copy,structural_features,ber,none,2000,0.38821454158673685,0.006319556191245857,0.38112062446773054,0.3973420112580061,6,"1000,1001,1002,1003,1004,1005",20000,200,True
copy,structural_features,ber,none,2200,0.3865040653385221,0.006863700852910752,0.37413074806332586,0.3937032069265842,6,"1000,1001,1002,1003,1004,1005",20000,200,True
copy,structural_features,ber,none,2400,0.37833602517843246,0.007032868513148002,0.36835460908710954,0.3872729293256998,6,"1000,1001,1002,1003,1004,1005",20000,200,True
copy,structural_features,ber,none,2600,0.37744115402301154,0.008626938006885321,0.3633319942653179,0.3861579284071922,6,"1000,1001,1002,1003,1004,1005",20000,200,True
copy,structural_features,ber,none,2800,0.372260985194395,0.015011130274707936,0.33917518720030787,0.38362130500376224,6,"1000,1001,1002,1003,1004,1005",20000,200,True
copy,structural_features,ber,none,3000,0.3611087759708365,0.029346478347638302,0.2977119631320238,0.3866902694106102,6,"1000,1001,1002,1003,1004,1005",20000,200,True
copy,structural_features,ber,none,3200,0.3472185111542543,0.05993905649534724,0.2151543205603957,0.39055704839527605,6,"1000,1001,1002,1003,1004,1005",20000,200,True
copy,structural_features,ber,none,3400,0.33072810858798524,0.08999665294517802,0.12953999197110533,0.3736804736405611,6,"1000,1001,1002,1003,1004,1005",20000,200,True
copy,structural_features,ber,none,3600,0.33163579338618243,0.08733266943760098,0.13706160501111297,0.38250361144542694,6,"1000,1001,1002,1003,1004,1005",20000,200,True
copy,structural_features,ber,none,3800,0.3091490108706057,0.11528021279155364,0.05171356629580259,0.37136459454894066,6,"1000,1001,1002,1003,1004,1005",20000,200,True
copy,structural_features,ber,none,4000,0.30812044819157264,0.11704865968153055,0.04685563962673769,0.3681803335994482,6,"1000,1001,1002,1003,1004,1005",20000,200,True
copy,structural_features,ber,none,4200,0.2996284652427615,0.12681719514886325,0.016316867612767964,0.3634894068539143,6,"1000,1001,1002,1003,1004,1005",20000,200,True
copy,structural_features,ber,none,4400,0.29572857697261495,0.1273022946260558,0.011470469278283418,0.36333781652152536,6,"1000,1001,1002,1003,1004,1005",20000,200,True
copy,structural_features,ber,none,4600,0.2969013733230531,0.12778078092193199,0.011374204494059086,0.36157686047255994,6,"1000,1001,1002,1003,1004,1005",20000,200,True
copy,structural_features,ber,none,4800,0.2886926422136215,0.11906046891259504,0.02351958244573325,0.3538897079229355,6,"1000,1001,1002,1003,1004,1005",20000,200,True
copy,structural_features,ber,none,5000,0.28551086898466266,0.09170979742964233,0.0906831789878197,0.3554847950488329,6,"1000,1001,1002,1003,1004,1005",20000,200,True
copy,structural_features,ber,none,5200,0.267466167298068,0.10283330862094596,0.055849975196179,0.3550235664099455,6,"1000,1001,1002,1003,1004,1005",20000,200,True
copy,structural_features,ber,none,5400,0.257798405434393,0.08916315251756368,0.1495749779883772,0.3495232386887073,6,"1000,1001,1002,1003,1004,1005",20000,200,True
copy,structural_features,ber,none,5600,0.22081941174808886,0.12442017194421666,0.0616718874592334,0.3557869157195091,6,"1000,1001,1002,1003,1004,1005",20000,200,True
copy,structural_features,ber,none,5800,0.21033354599339268,0.1433830945504381,0.008785739068407565,0.3399749484099448,6,"1000,1001,1002,1003,1004,1005",20000,200,True
copy,structural_features,ber,none,6000,0.24256383156403902,0.15824054170342555,0.001796875,0.41407661320641637,6,"1000,1001,1002,1003,1004,1005",20000,200,True
copy,structural_features,ber,none,6200,0.24096220050977227,0.14545745829937826,0.006654611048288643,0.39913654573261736,6,"1000,1001,1002,1003,1004,1005",20000,200,True
copy,structural_features,ber,none,6400,0.2521402284770738,0.06114297098602105,0.1702510278392583,0.3347982345893979,6,"1000,1001,1002,1003,1004,1005",20000,200,True
copy,structural_features,ber,none,6600,0.19471197930785514,0.143347885264337,0.023801055392250418,0.3468440964072943,6,"1000,1001,1002,1003,1004,1005",20000,200,True
copy,structural_features,ber,none,6800,0.14467175708268767,0.1420239207934373,0.001875,0.3242500543966889,6,"1000,1001,1002,1003,1004,1005",20000,200,True
copy,structural_features,ber,none,7000,0.13931040277277743,0.13440113848152424,0.0,0.31766698841005564,6,"1000,1001,1002,1003,1004,1005",20000,200,True
copy,structural_features,ber,none,7200,0.12227570739923976,0.1381319562596916,0.002890625,0.32221949733793737,6,"1000,1001,1002,1003,1004,1005",20000,200,True
copy,structural_features,ber,none,7400,0.13271652772285356,0.13152603902864574,0.004239583343733102,0.3268253188021481,6,"1000,1001,1002,1003,1004,1005",20000,200,True
copy,structural_features,ber,none,7600,0.11862994413240813,0.14049206197872,0.0,0.32389307765290143,6,"1000,1001,1002,1003,1004,1005",20000,200,True
copy,structural_features,ber,none,7800,0.10798339848329001,0.1349106407169297,0.0,0.309666783567518,6,"1000,1001,1002,1003,1004,1005",20000,200,True
copy,structural_features,ber,none,8000,0.09799013823581239,0.12816695401821518,0.0,0.30713402934372425,6,"1000,1001,1002,1003,1004,1005",20000,200,True
copy,structural_features,ber,none,8200,0.09507364956933695,0.12037161456990186,0.0,0.3088002340309322,6,"1000,1001,1002,1003,1004,1005",20000,200,True
copy,structural_features,ber,none,8400,0.08408646972539524,0.12291829759031594,0.0,0.3178849423862994,6,"1000,1001,1002,1003,1004,1005",20000,200,True
copy,structural_features,ber,none,8600,0.07354152735827181,0.11327747967224726,0.0,0.3021268816664815,6,"1000,1001,1002,1003,1004,1005",20000,200,True
copy,structural_features,ber,none,8800,0.06430135259210752,0.10758687853267089,0.0,0.2935545140504837,6,"1000,1001,1002,1003,1004,1005",20000,200,True
copy,structural_features,ber,none,9000,0.06128109841258266,0.10533891696591122,0.0,0.2922470230609179,6,"1000,1001,1002,1003,1004,1005",20000,200,True
copy,structural_features,ber,none,9200,0.1178052494985362,0.13013152104469008,0.0,0.3108706959709525,6,"1000,1001,1002,1003,1004,1005",20000,200,True
copy,structural_features,ber,none,9400,0.20623691475484518,0.19604815545750506,0.0,0.45906547755002974,6,"1000,1001,1002,1003,1004,1005",20000,200,True
copy,structural_features,ber,none,9600,0.20203074644552543,0.18744079856167933,0.0,0.4582032386958599,6,"1000,1001,1002,1003,1004,1005",20000,200,True
copy,structural_features,ber,none,9800,0.1927563486085273,0.16528229804843225,0.027153715938329697,0.4450728489458561,6,"1000,1001,1002,1003,1004,1005",20000,200,True
copy,structural_features,ber,none,10000,0.1663996376194215,0.15304765066958248,0.0019117647409439087,0.4346272850036621,6,"1000,1001,1002,1003,1004,1005",20000,200,True
copy,structural_features,ber,none,10200,0.06354322371305897,0.10222951556909213,0.0,0.2899462725780904,6,"1000,1001,1002,1003,1004,1005",20000,200,True
copy,structural_features,ber,none,10400,0.05423425189025389,0.10525415875022405,0.0,0.2890946575440466,6,"1000,1001,1002,1003,1004,1005",20000,200,True
copy,structural_features,ber,none,10600,0.10080306847036506,0.10647010468166192,0.0,0.27274932727217677,6,"1000,1001,1002,1003,1004,1005",20000,200,True
copy,structural_features,ber,none,10800,0.1224531142312723,0.16971896992300192,0.0,0.4352807527035475,6,"1000,1001,1002,1003,1004,1005",20000,200,True
copy,structural_features,ber,none,11000,0.10870762848722128,0.148239227313818,0.0,0.36784467175602914,6,"1000,1001,1002,1003,1004,1005",20000,200,True
copy,structural_features,ber,none,11200,0.09315770229285893,0.13489289603219107,0.0,0.33904109738767146,6,"1000,1001,1002,1003,1004,1005",20000,200,True
copy,structural_features,ber,none,11400,0.08010959362494759,0.1190162853248605,0.0,0.3159854398295283,6,"1000,1001,1002,1003,1004,1005",20000,200,True
copy,structural_features,ber,none,11600,0.07751533158317518,0.13414106150507538,0.0,0.36738316047936675,6,"1000,1001,1002,1003,1004,1005",20000,200,True
copy,structural_features,ber,none,11800,0.06527707581524737,0.11627956161098199,0.0,0.3197646200284362,6,"1000,1001,1002,1003,1004,1005",20000,200,True
copy,structural_features,ber,none,12000,0.07779674520056384,0.10769164442242861,0.0,0.308971468321979,6,"1000,1001,1002,1003,1004,1005",20000,200,True
copy,structural_features,ber,none,12200,0.12409593699771602,0.1757685425934812,0.0,0.4790500582754612,6,"1000,1001,1002,1003,1004,1005",20000,200,True
copy,structural_features,ber,none,12400,0.09097281162627041,0.13385556394349743,0.0,0.35788181906100364,6,"1000,1001,1002,1003,1004,1005",20000,200,True
copy,structural_features,ber,none,12600,0.05551273103958617,0.08597318424953183,0.0,0.23607798027340324,6,"1000,1001,1002,1003,1004,1005",20000,200,True
copy,structural_features,ber,none,12800,0.0824028579739388,0.14525478049135088,0.0,0.4040479795075953,6,"1000,1001,1002,1003,1004,1005",20000,200,True
copy,structural_features,ber,none,13000,0.053187088088986166,0.10557359103898332,0.0,0.28850753996986894,6,"1000,1001,1002,1003,1004,1005",20000,200,True
copy,structural_features,ber,none,13200,0.0055263767814418925,0.004192186369531636,0.0,0.013372147746849805,6,"1000,1001,1002,1003,1004,1005",20000,200,True
copy,structural_features,ber,none,13400,0.01150711633847095,0.01892103251429058,0.0,0.0528614090080373,6,"1000,1001,1002,1003,1004,1005",20000,200,True
copy,structural_features,ber,none,13600,0.00035515149046356484,0.0006006860605224746,0.0,0.0016599928308278322,6,"1000,1001,1002,1003,1004,1005",20000,200,True
copy,structural_features,ber,none,13800,0.007176241134681429,0.010891989636286133,0.0,0.03082024395465851,6,"1000,1001,1002,1003,1004,1005",20000,200,True
copy,structural_features,ber,none,14000,0.011017295891651882,0.02135657774151514,0.0,0.058595551825128496,6,"1000,1001,1002,1003,1004,1005",20000,200,True
copy,structural_features,ber,none,14200,0.00958645123251093,0.017719247041880336,0.0,0.04910152685362846,6,"1000,1001,1002,1003,1004,1005",20000,200,True
copy,structural_features,ber,none,14400,0.0018472232021546613,0.004098577937507265,0.0,0.011011852284427732,6,"1000,1001,1002,1003,1004,1005",20000,200,True
copy,structural_features,ber,none,14600,5.28328213840723e-05,5.385677503868782e-05,0.0,0.0001221804553642869,6,"1000,1001,1002,1003,1004,1005",20000,200,True
copy,structural_features,ber,none,14800,0.0010454963147640227,0.0016135587207427714,0.0,0.004319852888584137,6,"1000,1001,1002,1003,1004,1005",20000,200,True
copy,structural_features,ber,none,15000,0.00021484375,0.00046315563572480237,0.0,0.00125,6,"1000,1001,1002,1003,1004,1005",20000,200,True
copy,structural_features,ber,none,15200,6.944444806625446e-06,1.552825065360988e-05,0.0,4.1666668839752677e-05,6,"1000,1001,1002,1003,1004,1005",20000,200,True
copy,structural_features,ber,none,15400,0.0008765516938486448,0.0011359586564742693,0.0,0.0025,6,"1000,1001,1002,1003,1004,1005",20000,200,True
copy,structural_features,ber,none,15600,0.00035033831722103064,0.0007679567111211678,0.0,0.002067307680845261,6,"1000,1001,1002,1003,1004,1005",20000,200,True
copy,structural_features,ber,none,15800,0.0020538930757902562,0.002824342827132757,0.0,0.007985123195685445,6,"1000,1001,1002,1003,1004,1005",20000,200,True
copy,structural_features,ber,none,16000,0.0024808789712066452,0.005223681187012181,0.0,0.014150068908929826,6,"1000,1001,1002,1003,1004,1005",20000,200,True
copy,structural_features,ber,none,16200,0.02861432876205072,0.06394748785493803,0.0,0.17160524340346456,6,"1000,1001,1002,1003,1004,1005",20000,200,True
copy,structural_features,ber,none,16400,0.044584981461909284,0.09326262478428028,0.0,0.2529211282613687,6,"1000,1001,1002,1003,1004,1005",20000,200,True
copy,structural_features,ber,none,16600,0.013429893930830683,0.028904808200957217,0.0,0.07802946856245399,6,"1000,1001,1002,1003,1004,1005",20000,200,True
copy,structural_features,ber,none,16800,0.004004625026524687,0.007783213996552357,0.0,0.021261206085328013,6,"1000,1001,1002,1003,1004,1005",20000,200,True
copy,structural_features,ber,none,17000,0.0006748903542757034,0.000962267889999927,0.0,0.0022368420660495757,6,"1000,1001,1002,1003,1004,1005",20000,200,True
copy,structural_features,ber,none,17200,0.0010537574440240862,0.0015383659731656107,0.0,0.003822544664144516,6,"1000,1001,1002,1003,1004,1005",20000,200,True
copy,structural_features,ber,none,17400,0.0,0.0,0.0,0.0,6,"1000,1001,1002,1003,1004,1005",20000,200,True
copy,structural_features,ber,none,17600,0.00033912037538054093,0.0007428761648657502,0.0,0.0020000000298023225,6,"1000,1001,1002,1003,1004,1005",20000,200,True
copy,structural_features,ber,none,17800,4.629629741733273e-05,0.00010352166813170393,0.0,0.00027777778450399637,6,"1000,1001,1002,1003,1004,1005",20000,200,True
copy,structural_features,ber,none,18000,0.0009930194184804956,0.0015575834277545939,0.0,0.004213598966598511,6,"1000,1001,1002,1003,1004,1005",20000,200,True
copy,structural_features,ber,none,18200,0.0003939536275962988,0.0007328839288884885,0.0,0.0020065788924694063,6,"1000,1001,1002,1003,1004,1005",20000,200,True
copy,structural_features,ber,none,18400,0.0005178571492433548,0.0011579637883423952,0.0,0.0031071428954601286,6,"1000,1001,1002,1003,1004,1005",20000,200,True
copy,structural_features,ber,none,18600,0.00044845780668159325,0.0010027821407805019,0.0,0.0026907468400895595,6,"1000,1001,1002,1003,1004,1005",20000,200,True
copy,structural_features,ber,none,18800,0.0007715482020284981,0.0010919941956644829,0.0,0.002389705926179886,6,"1000,1001,1002,1003,1004,1005",20000,200,True
copy,structural_features,ber,none,19000,0.01756615678779781,0.038148363864967526,0.0,0.10284646001644432,6,"1000,1001,1002,1003,1004,1005",20000,200,True
copy,structural_features,ber,none,19200,0.025453045666605858,0.056082370753014144,0.0,0.150847738313023,6,"1000,1001,1002,1003,1004,1005",20000,200,True
copy,structural_features,ber,none,19400,0.0006896446090346823,0.0009635523823878227,0.0,0.002132352888584137,6,"1000,1001,1002,1003,1004,1005",20000,200,True
copy,structural_features,ber,none,19600,6.12745100321869e-06,1.3701396971996273e-05,0.0,3.676470601931214e-05,6,"1000,1001,1002,1003,1004,1005",20000,200,True
copy,structural_features,ber,none,19800,0.0012047683564014734,0.0018256260643619254,0.0,0.004750056285411119,6,"1000,1001,1002,1003,1004,1005",20000,200,True
copy,structural_features,ber,none,20000,0.0007592592636744181,0.0010777072855423688,0.0,0.0024375000596046446,6,"1000,1001,1002,1003,1004,1005",20000,200,True
copy,structural_features,ber,length,200,0.4621585750207305,0.00725158978591874,0.45675659328699114,0.4781049210578203,6,"1000,1001,1002,1003,1004,1005",20000,200,True
copy,structural_features,ber,length,400,0.4262799472423892,0.004435522342827282,0.4176241207122803,0.43119430765509603,6,"1000,1001,1002,1003,1004,1005",20000,200,True
copy,structural_features,ber,length,600,0.4175501416126887,0.007696944251848891,0.4071631634235382,0.4321091143041849,6,"1000,1001,1002,1003,1004,1005",20000,200,True
copy,structural_features,ber,length,800,0.4090471745282412,0.006583848897478713,0.398566934466362,0.4202684401720762,6,"1000,1001,1002,1003,1004,1005",20000,200,True
copy,structural_features,ber,length,1000,0.39995948527008296,0.002334965662584984,0.3954656930267811,0.4024183689057827,6,"1000,1001,1002,1003,1004,1005",20000,200,True
copy,structural_features,ber,length,1200,0.3979333499446511,0.008333786460227002,0.38617715425789356,0.4136024072766304,6,"1000,1001,1002,1003,1004,1005",20000,200,True
copy,structural_features,ber,length,1400,0.3927872829387585,0.004787809417375145,0.3856249351799488,0.3972489322721958,6,"1000,1001,1002,1003,1004,1005",20000,200,True
copy,structural_features,ber,length,1600,0.39034038972730434,0.008423551635239683,0.3844316042214632,0.40874840185046196,6,"1000,1001,1002,1003,1004,1005",20000,200,True
copy,structural_features,ber,length,1800,0.3899190121268233,0.0047293761704935095,0.38142818547785284,0.39614156290888786,6,"1000,1001,1002,1003,1004,1005",20000,200,True
copy,structural_features,ber,length,2000,0.3877455094705025,0.004730257027059139,0.3814154174178839,0.39404406271874903,6,"1000,1001,1002,1003,1004,1005",20000,200,True
copy,structural_features,ber,length,2200,0.3836337597171466,0.005077729205140599,0.37495708987116816,0.39149582050740717,6,"1000,1001,1002,1003,1004,1005",20000,200,True
copy,structural_features,ber,length,2400,0.3758223581934969,0.006848355914518305,0.3683120262622833,0.38521922528743746,6,"1000,1001,1002,1003,1004,1005",20000,200,True
copy,structural_features,ber,length,2600,0.36872339234997825,0.016069101695332592,0.33526223003864286,0.3849027352780104,6,"1000,1001,1002,1003,1004,1005",20000,200,True
copy,structural_features,ber,length,2800,0.36041250607619685,0.03155329841245857,0.2899657155200839,0.37664930693805215,6,"1000,1001,1002,1003,1004,1005",20000,200,True
copy,structural_features,ber,length,3000,0.3408389398207267,0.06417363493350808,0.19805430479347705,0.37752634547650815,6,"1000,1001,1002,1003,1004,1005",20000,200,True
copy,structural_features,ber,length,3200,0.3249824298700939,0.09254385845576606,0.11854004433378577,0.3753616238385439,6,"1000,1001,1002,1003,1004,1005",20000,200,True
copy,structural_features,ber,length,3400,0.3182179824945827,0.09647673075782034,0.10389761541038751,0.3700756238400936,6,"1000,1001,1002,1003,1004,1005",20000,200,True
copy,structural_features,ber,length,3600,0.3067511051419812,0.10817636620609095,0.0668395062116906,0.3638206198811531,6,"1000,1001,1002,1003,1004,1005",20000,200,True
copy,structural_features,ber,length,3800,0.2957700409810059,0.1032634052505662,0.07555137206334621,0.3617273247987032,6,"1000,1001,1002,1003,1004,1005",20000,200,True
copy,structural_features,ber,length,4000,0.28686033744869444,0.09569183410368363,0.09164113859878853,0.35626803547143937,6,"1000,1001,1002,1003,1004,1005",20000,200,True
copy,structural_features,ber,length,4200,0.266579859451546,0.11470977719502665,0.043943265094421806,0.3524431443959475,6,"1000,1001,1002,1003,1004,1005",20000,200,True
copy,structural_features,ber,length,4400,0.24130778931158905,0.12075922815523825,0.061537450598552826,0.346601139716804,6,"1000,1001,1002,1003,1004,1005",20000,200,True
copy,structural_features,ber,length,4600,0.2146489812748041,0.12933111109831683,0.035889205373823646,0.3454238671809435,6,"1000,1001,1002,1003,1004,1005",20000,200,True
copy,structural_features,ber,length,4800,0.19539879820891656,0.1290354483193228,0.02281262420816347,0.3435656277835369,6,"1000,1001,1002,1003,1004,1005",20000,200,True
copy,structural_features,ber,length,5000,0.16294128627244694,0.13686543605127918,0.0021677268226630987,0.3394169331714511,6,"1000,1001,1002,1003,1004,1005",20000,200,True
copy,structural_features,ber,length,5200,0.15495936933904886,0.13174877142124108,0.005359832439571619,0.34121961072087287,6,"1000,1001,1002,1003,1004,1005",20000,200,True
copy,structural_features,ber,length,5400,0.20785518518687843,0.17175724946810947,0.006984065943397582,0.4559823183063418,6,"1000,1001,1002,1003,1004,1005",20000,200,True
copy,structural_features,ber,length,5600,0.17871325735390808,0.16427590263310163,0.0002698739082552493,0.3579205800034106,6,"1000,1001,1002,1003,1004,1005",20000,200,True
copy,structural_features,ber,length,5800,0.12769231011470158,0.1393548949202162,0.00010416666977107525,0.3230768097564578,6,"1000,1001,1002,1003,1004,1005",20000,200,True
copy,structural_features,ber,length,6000,0.17207897776699008,0.16409990868728253,3.676470601931214e-05,0.3633899390697479,6,"1000,1001,1002,1003,1004,1005",20000,200,True
copy,structural_features,ber,length,6200,0.1877771586133167,0.15736443223149488,0.0022499999403953553,0.38983565390110014,6,"1000,1001,1002,1003,1004,1005",20000,200,True
copy,structural_features,ber,length,6400,0.1784974165617799,0.15750136026011008,0.0019155200524255634,0.36983294259756805,6,"1000,1001,1002,1003,1004,1005",20000,200,True
copy,structural_features,ber,length,6600,0.1863345041886593,0.1420512798515148,0.0010962627944536506,0.3322942764312029,6,"1000,1001,1002,1003,1004,1005",20000,200,True
copy,structural_features,ber,length,6800,0.21251326453794417,0.15316477506282017,0.0,0.39474665880203247,6,"1000,1001,1002,1003,1004,1005",20000,200,True
copy,structural_features,ber,length,7000,0.19059447646800742,0.155147100024621,0.002403846085071564,0.39280847296118737,6,"1000,1001,1002,1003,1004,1005",20000,200,True
copy,structural_features,ber,length,7200,0.20361284893006085,0.1321955697303625,0.0021691176295280455,0.345788148753345,6,"1000,1001,1002,1003,1004,1005",20000,200,True
copy,structural_features,ber,length,7400,0.22034057930732767,0.1599210747351331,0.0,0.46113663682714107,6,"1000,1001,1002,1003,1004,1005",20000,200,True
copy,structural_features,ber,length,7600,0.2426160620013252,0.1289751540084721,0.0,0.41052993677556515,6,"1000,1001,1002,1003,1004,1005",20000,200,True
copy,structural_features,ber,length,7800,0.17396869361943876,0.12673762639959682,0.0017187500512227416,0.31613050008192656,6,"1000,1001,1002,1003,1004,1005",20000,200,True
copy,structural_features,ber,length,8000,0.1337594934917676,0.12820549196989353,0.0018181818723678588,0.30374936424195764,6,"1000,1001,1002,1003,1004,1005",20000,200,True
copy,structural_features,ber,length,8200,0.12934980854198028,0.1223151264607431,0.0,0.2962164660170674,6,"1000,1001,1002,1003,1004,1005",20000,200,True
copy,structural_features,ber,length,8400,0.15053354946469577,0.1479270118470463,0.0025314649660140276,0.3285358333680779,6,"1000,1001,1002,1003,1004,1005",20000,200,True
copy,structural_features,ber,length,8600,0.12047709449815254,0.13104966645977204,0.0024632352590560915,0.3031984696723521,6,"1000,1001,1002,1003,1004,1005",20000,200,True
copy,structural_features,ber,length,8800,0.11867413168346198,0.1271184878957833,0.0,0.2935708460211754,6,"1000,1001,1002,1003,1004,1005",20000,200,True
copy,structural_features,ber,length,9000,0.10839934401718589,0.1288781108497749,0.0,0.2891824035719037,6,"1000,1001,1002,1003,1004,1005",20000,200,True
copy,structural_features,ber,length,9200,0.10560667283289756,0.12893381327836162,0.0,0.2934475651755929,6,"1000,1001,1002,1003,1004,1005",20000,200,True
copy,structural_features,ber,length,9400,0.1168811439028165,0.11138100981943844,0.008684185708407312,0.28286391517147425,6,"1000,1001,1002,1003,1004,1005",20000,200,True
copy,structural_features,ber,length,9600,0.1570205808438671,0.15676207550508137,0.0,0.41744891308248044,6,"1000,1001,1002,1003,1004,1005",20000,200,True
copy,structural_features,ber,length,9800,0.12204638871131464,0.12980435955405648,0.0,0.32089735780609774,6,"1000,1001,1002,1003,1004,1005",20000,200,True
copy,structural_features,ber,length,10000,0.07742037795833312,0.09356318404245345,0.002708333432674408,0.28000685876235365,6,"1000,1001,1002,1003,1004,1005",20000,200,True
copy,structural_features,ber,length,10200,0.053740614448518804,0.1016357828528878,0.0,0.2804551478289068,6,"1000,1001,1002,1003,1004,1005",20000,200,True
copy,structural_features,ber,length,10400,0.05780261181139698,0.10191679993253899,0.0,0.2844232231192291,6,"1000,1001,1002,1003,1004,1005",20000,200,True
copy,structural_features,ber,length,10600,0.04961085201784348,0.10243228845274205,0.0,0.2785150641947985,6,"1000,1001,1002,1003,1004,1005",20000,200,True
copy,structural_features,ber,length,10800,0.05086071963150365,0.09721689827988386,0.0002756192465312779,0.26757592232897875,6,"1000,1001,1002,1003,1004,1005",20000,200,True
copy,structural_features,ber,length,11000,0.05033943202579394,0.10102305511113356,0.0,0.2759735220298171,6,"1000,1001,1002,1003,1004,1005",20000,200,True
copy,structural_features,ber,length,11200,0.05325837032326187,0.10238360431142521,0.0,0.2808845506422222,6,"1000,1001,1002,1003,1004,1005",20000,200,True
copy,structural_features,ber,length,11400,0.04889877625314209,0.10196488111718537,0.0,0.2768318269588053,6,"1000,1001,1002,1003,1004,1005",20000,200,True
copy,structural_features,ber,length,11600,0.05085817908829388,0.09806352556021257,0.0,0.26847898013889787,6,"1000,1001,1002,1003,1004,1005",20000,200,True
copy,structural_features,ber,length,11800,0.08526257655699737,0.09710602362060254,0.0,0.26811760250478983,6,"1000,1001,1002,1003,1004,1005",20000,200,True
copy,structural_features,ber,length,12000,0.1755148455446276,0.1771097807476137,0.0,0.39313209906220437,6,"1000,1001,1002,1003,1004,1005",20000,200,True
copy,structural_features,ber,length,12200,0.13173210149281658,0.13106300909040877,0.0,0.2748224185779691,6,"1000,1001,1002,1003,1004,1005",20000,200,True
copy,structural_features,ber,length,12400,0.056763716685042404,0.09736385764222152,0.0,0.2687774000875652,6,"1000,1001,1002,1003,1004,1005",20000,200,True
copy,structural_features,ber,length,12600,0.05562499579857103,0.09804287455852351,0.0,0.26986021753400563,6,"1000,1001,1002,1003,1004,1005",20000,200,True
copy,structural_features,ber,length,12800,0.045571596617810434,0.09988899319795444,0.0,0.26890477100387217,6,"1000,1001,1002,1003,1004,1005",20000,200,True
copy,structural_features,ber,length,13000,0.055075276319015154,0.0978408480243976,0.0,0.26921798318624496,6,"1000,1001,1002,1003,1004,1005",20000,200,True
copy,structural_features,ber,length,13200,0.05421685087999018,0.09116293015523803,0.0,0.25394827481359245,6,"1000,1001,1002,1003,1004,1005",20000,200,True
copy,structural_features,ber,length,13400,0.046346737969045836,0.09336471245968843,0.0,0.25474597899243234,6,"1000,1001,1002,1003,1004,1005",20000,200,True
copy,structural_features,ber,length,13600,0.05150871703207183,0.09624602940090754,0.0,0.26590071389451625,6,"1000,1001,1002,1003,1004,1005",20000,200,True
copy,structural_features,ber,length,13800,0.06765718301447729,0.09904802381523055,0.0,0.2669988342747092,6,"1000,1001,1002,1003,1004,1005",20000,200,True
copy,structural_features,ber,length,14000,0.05270369893327976,0.09412265698750348,0.0,0.2617349293269217,6,"1000,1001,1002,1003,1004,1005",20000,200,True
copy,structural_features,ber,length,14200,0.060035548267963645,0.09521952905632017,0.0,0.26454899659380315,6,"1000,1001,1002,1003,1004,1005",20000,200,True
copy,structural_features,ber,length,14400,0.043025602173293015,0.09265128827493209,0.0,0.250158201251179,6,"1000,1001,1002,1003,1004,1005",20000,200,True
copy,structural_features,ber,length,14600,0.04313601359259337,0.09041050462485734,0.0,0.2450055588874966,6,"1000,1001,1002,1003,1004,1005",20000,200,True
copy,structural_features,ber,length,14800,0.040530741780142605,0.08663051989272211,0.0,0.2341818059887737,6,"1000,1001,1002,1003,1004,1005",20000,200,True
copy,structural_features,ber,length,15000,0.08525331618031486,0.11943054651460516,0.0,0.2608772745844908,6,"1000,1001,1002,1003,1004,1005",20000,200,True
copy,structural_features,ber,length,15200,0.044227636507712303,0.08960114907188693,0.0,0.24438704926520585,6,"1000,1001,1002,1003,1004,1005",20000,200,True
copy,structural_features,ber,length,15400,0.04870112069339181,0.09077212489467747,0.0,0.24980149088427425,6,"1000,1001,1002,1003,1004,1005",20000,200,True
copy,structural_features,ber,length,15600,0.04151931260440809,0.08649984895501162,0.0,0.2348045719228685,6,"1000,1001,1002,1003,1004,1005",20000,200,True
copy,structural_features,ber,length,15800,0.04251571989695852,0.0931037924086403,0.0,0.2506955099105835,6,"1000,1001,1002,1003,1004,1005",20000,200,True
copy,structural_features,ber,length,16000,0.042419119651118914,0.08701231828382255,0.0,0.23643159188330173,6,"1000,1001,1002,1003,1004,1005",20000,200,True
copy,structural_features,ber,length,16200,0.040114461100116995,0.08871923522510237,0.0,0.23848858278244733,6,"1000,1001,1002,1003,1004,1005",20000,200,True
copy,structural_features,ber,length,16400,0.04271504154467645,0.08581385766045904,0.0,0.23393761103972793,6,"1000,1001,1002,1003,1004,1005",20000,200,True
copy,structural_features,ber,length,16600,0.045918732041027394,0.08744142474603916,0.0,0.2399182297848165,6,"1000,1001,1002,1003,1004,1005",20000,200,True
copy,structural_features,ber,length,16800,0.039627745158116644,0.08579739736201573,0.0,0.23144688062369823,6,"1000,1001,1002,1003,1004,1005",20000,200,True
copy,structural_features,ber,length,17000,0.046660802500943344,0.0869114435620362,0.0,0.2404016593284905,6,"1000,1001,1002,1003,1004,1005",20000,200,True
copy,structural_features,ber,length,17200,0.0411360513108472,0.0909928171985335,0.0,0.24459408562630414,6,"1000,1001,1002,1003,1004,1005",20000,200,True
copy,structural_features,ber,length,17400,0.04296180242905393,0.08165103824887915,0.0,0.2249021987244487,6,"1000,1001,1002,1003,1004,1005",20000,200,True
copy,structural_features,ber,length,17600,0.052916192533060284,0.09104787791454962,0.0,0.2502805091999471,6,"1000,1001,1002,1003,1004,1005",20000,200,True
copy,structural_features,ber,length,17800,0.08437947887306413,0.11820746026084053,0.0,0.26679974779486654,6,"1000,1001,1002,1003,1004,1005",20000,200,True
copy,structural_features,ber,length,18000,0.041130645377561455,0.08626915945528033,0.0,0.23400262232869865,6,"1000,1001,1002,1003,1004,1005",20000,200,True
copy,structural_features,ber,length,18200,0.04034560275341695,0.08602792003502233,0.0,0.2326750179566443,6,"1000,1001,1002,1003,1004,1005",20000,200,True
copy,structural_features,ber,length,18400,0.04374965280604859,0.08025099621544211,0.0,0.22122650569304825,6,"1000,1001,1002,1003,1004,1005",20000,200,True
copy,structural_features,ber,length,18600,0.05685791123347978,0.08656475520880826,0.0,0.23270546371117234,6,"1000,1001,1002,1003,1004,1005",20000,200,True
copy,structural_features,ber,length,18800,0.05518363115726971,0.08511362944611384,0.0,0.23805010628886522,6,"1000,1001,1002,1003,1004,1005",20000,200,True
copy,structural_features,ber,length,19000,0.05241915399557911,0.08135025295025475,0.0,0.22320935072377324,6,"1000,1001,1002,1003,1004,1005",20000,200,True
copy,structural_features,ber,length,19200,0.040182740737994514,0.08185010489986294,0.0,0.22306478553451597,6,"1000,1001,1002,1003,1004,1005",20000,200,True
copy,structural_features,ber,length,19400,0.03954010887381931,0.08692536773476575,0.0,0.23390384769067168,6,"1000,1001,1002,1003,1004,1005",20000,200,True
copy,structural_features,ber,length,19600,0.0356272201721246,0.07966488615422238,0.0,0.21376332103274762,6,"1000,1001,1002,1003,1004,1005",20000,200,True
copy,structural_features,ber,length,19800,0.06817853790397445,0.09679960577017978,0.0,0.23031937076710166,6,"1000,1001,1002,1003,1004,1005",20000,200,True
copy,structural_features,ber,length,20000,0.07042585226513134,0.09648423003235783,0.0,0.22151351565495134,6,"1000,1001,1002,1003,1004,1005",20000,200,True
copy,structural_features,ber,position,200,0.4642330481732886,0.005265721858578338,0.4601242932677269,0.4756254816055298,6,"1000,1001,1002,1003,1004,1005",20000,200,True
copy,structural_features,ber,position,400,0.42780955996364356,0.005978032344940846,0.4189129423350096,0.43571605697274207,6,"1000,1001,1002,1003,1004,1005",20000,200,True
copy,structural_features,ber,position,600,0.41642824773987136,0.006488958207369975,0.40630546391010286,0.4250233583152294,6,"1000,1001,1002,1003,1004,1005",20000,200,True
copy,structural_features,ber,position,800,0.40987483394021784,0.007014827426795777,0.40103627745062115,0.4207171718031168,6,"1000,1001,1002,1003,1004,1005",20000,200,True
copy,structural_features,ber,position,1000,0.40270064912736414,0.0043776240872220075,0.3935954163223505,0.40647453054785726,6,"1000,1001,1002,1003,1004,1005",20000,200,True
copy,structural_features,ber,position,1200,0.3986677264670531,0.006786044024325749,0.38775166392326355,0.40783004604279993,6,"1000,1001,1002,1003,1004,1005",20000,200,True
copy,structural_features,ber,position,1400,0.3926662665729721,0.006092191074013184,0.38458043850958346,0.4029894965142012,6,"1000,1001,1002,1003,1004,1005",20000,200,True
copy,structural_features,ber,position,1600,0.3942902246738474,0.007198479502559397,0.3856352207809687,0.4075865966826677,6,"1000,1001,1002,1003,1004,1005",20000,200,True
copy,structural_features,ber,position,1800,0.3881842381258805,0.00520666806751805,0.38048179134726523,0.3947092304378748,6,"1000,1001,1002,1003,1004,1005",20000,200,True
copy,structural_features,ber,position,2000,0.3867947877198458,0.007078775420574963,0.3800147847086191,0.400628287345171,6,"1000,1001,1002,1003,1004,1005",20000,200,True
copy,structural_features,ber,position,2200,0.38246025900046027,0.004101320495903169,0.37575335226953027,0.38922117292881014,6,"1000,1001,1002,1003,1004,1005",20000,200,True
copy,structural_features,ber,position,2400,0.37550879352415606,0.005213565071201873,0.36549073688685896,0.38088815424591305,6,"1000,1001,1002,1003,1004,1005",20000,200,True
copy,structural_features,ber,position,2600,0.3741884633464118,0.006178652314796671,0.36385915249586104,0.381385862827301,6,"1000,1001,1002,1003,1004,1005",20000,200,True
copy,structural_features,ber,position,2800,0.3716222475779553,0.006377820237593361,0.35949826262891293,0.3801674835011363,6,"1000,1001,1002,1003,1004,1005",20000,200,True
copy,structural_features,ber,position,3000,0.36262234821915634,0.011786670012413973,0.33689225748181345,0.37171226389706136,6,"1000,1001,1002,1003,1004,1005",20000,200,True
copy,structural_features,ber,position,3200,0.35899279282428326,0.018378570592683434,0.3192219589650631,0.37150986552238463,6,"1000,1001,1002,1003,1004,1005",20000,200,True
copy,structural_features,ber,position,3400,0.342944734369715,0.03756325255758617,0.2597732428833842,0.3676199951022863,6,"1000,1001,1002,1003,1004,1005",20000,200,True
copy,structural_features,ber,position,3600,0.32629892183467746,0.06775483004765327,0.1753582133166492,0.36393137656152247,6,"1000,1001,1002,1003,1004,1005",20000,200,True
copy,structural_features,ber,position,3800,0.3028836197631123,0.08848019967079787,0.10695610186550766,0.3519030123203993,6,"1000,1001,1002,1003,1004,1005",20000,200,True
copy,structural_features,ber,position,4000,0.28607316423285134,0.10542724094440274,0.058046426572836936,0.3536660879664123,6,"1000,1001,1002,1003,1004,1005",20000,200,True
copy,structural_features,ber,position,4200,0.27264993756621453,0.11402605831228706,0.03449486532714218,0.3507639241963625,6,"1000,1001,1002,1003,1004,1005",20000,200,True
copy,structural_features,ber,position,4400,0.2556516178018258,0.11734923249765582,0.04723749621072784,0.3454989028535783,6,"1000,1001,1002,1003,1004,1005",20000,200,True
copy,structural_features,ber,position,4600,0.23998388609965335,0.13582793492215695,0.03286097921896726,0.3437268302589655,6,"1000,1001,1002,1003,1004,1005",20000,200,True
copy,structural_features,ber,position,4800,0.23081440952955748,0.14464365243612695,0.015300691809970885,0.3419385463744402,6,"1000,1001,1002,1003,1004,1005",20000,200,True
copy,structural_features,ber,position,5000,0.2240064347321944,0.15020242530696082,0.003151764760259539,0.3326388753019273,6,"1000,1001,1002,1003,1004,1005",20000,200,True
copy,structural_features,ber,position,5200,0.2231593715872926,0.1408624234337163,0.006135803107172251,0.334166451767087,6,"1000,1001,1002,1003,1004,1005",20000,200,True
copy,structural_features,ber,position,5400,0.21736729996201273,0.14849695390750733,0.0001763820368796587,0.327934752702713,6,"1000,1001,1002,1003,1004,1005",20000,200,True
copy,structural_features,ber,position,5600,0.21733914459279427,0.1448161455887881,0.002466145846992731,0.3398714964836836,6,"1000,1001,1002,1003,1004,1005",20000,200,True
copy,structural_features,ber,position,5800,0.20691551305741696,0.14245726988561103,0.005357919889502227,0.319535612706095,6,"1000,1001,1002,1003,1004,1005",20000,200,True
copy,structural_features,ber,position,6000,0.22184612976697582,0.11765667932122106,0.0,0.31400050446391103,6,"1000,1001,1002,1003,1004,1005",20000,200,True
copy,structural_features,ber,position,6200,0.19556466678118645,0.13627294972734671,0.004922729746904224,0.31850939432159064,6,"1000,1001,1002,1003,1004,1005",20000,200,True
copy,structural_features,ber,position,6400,0.20463908923789856,0.10976864951984043,0.0027534720953553914,0.3177201059088111,6,"1000,1001,1002,1003,1004,1005",20000,200,True
copy,structural_features,ber,position,6600,0.15488099192812418,0.1266946880075905,0.0025559275830164554,0.3096605233475566,6,"1000,1001,1002,1003,1004,1005",20000,200,True
copy,structural_features,ber,position,6800,0.1835765077387138,0.12147827868433832,0.0095789834856987,0.30676592953503135,6,"1000,1001,1002,1003,1004,1005",20000,200,True
copy,structural_features,ber,position,7000,0.13522127502520256,0.10967797583710712,0.0,0.2975593961589038,6,"1000,1001,1002,1003,1004,1005",20000,200,True
copy,structural_features,ber,position,7200,0.09336915989833262,0.10986246965454143,0.002135416716337204,0.30684371216222645,6,"1000,1001,1002,1003,1004,1005",20000,200,True
copy,structural_features,ber,position,7400,0.15220526013484534,0.155250085072931,0.008155035111121834,0.4146684283018112,6,"1000,1001,1002,1003,1004,1005",20000,200,True
copy,structural_features,ber,position,7600,0.14370453577372247,0.14212482617590788,0.030057927537709476,0.37916472521610556,6,"1000,1001,1002,1003,1004,1005",20000,200,True
copy,structural_features,ber,position,7800,0.13895539680340638,0.14684249379282124,0.022907925441395492,0.3843764682952315,6,"1000,1001,1002,1003,1004,1005",20000,200,True
copy,structural_features,ber,position,8000,0.11113931710793014,0.09403428776312785,0.01669622349785641,0.2915200100839138,6,"1000,1001,1002,1003,1004,1005",20000,200,True
copy,structural_features,ber,position,8200,0.0580653359387846,0.10834631654355724,0.0004924553469754755,0.29970079423859713,6,"1000,1001,1002,1003,1004,1005",20000,200,True
copy,structural_features,ber,position,8400,0.10763517059851439,0.11484528575059633,0.0001344572380185127,0.3048905193246901,6,"1000,1001,1002,1003,1004,1005",20000,200,True
copy,structural_features,ber,position,8600,0.1144122185818075,0.12524898425381825,0.0,0.29341845158487556,6,"1000,1001,1002,1003,1004,1005",20000,200,True
copy,structural_features,ber,position,8800,0.11372905058048975,0.14104442384794644,0.00569562703371048,0.33717023321427403,6,"1000,1001,1002,1003,1004,1005",20000,200,True
copy,structural_features,ber,position,9000,0.08400154121646969,0.11050392248336038,0.0,0.28327599639073014,6,"1000,1001,1002,1003,1004,1005",20000,200,True
copy,structural_features,ber,position,9200,0.06671270793614288,0.10851461593899417,0.00018750000279396772,0.2976682950370014,6,"1000,1001,1002,1003,1004,1005",20000,200,True
copy,structural_features,ber,position,9400,0.07451943034383779,0.1031397537500167,0.004287143689580262,0.2795078036747873,6,"1000,1001,1002,1003,1004,1005",20000,200,True
copy,structural_features,ber,position,9600,0.05315776392313031,0.10005192116924726,0.00466261450201273,0.2765796938352287,6,"1000,1001,1002,1003,1004,1005",20000,200,True
copy,structural_features,ber,position,9800,0.04899162275561442,0.09581284277318791,0.0,0.2627936317957938,6,"1000,1001,1002,1003,1004,1005",20000,200,True
copy,structural_features,ber,position,10000,0.04650022436903479,0.09936874186143818,0.000833333358168602,0.2686803073994815,6,"1000,1001,1002,1003,1004,1005",20000,200,True
copy,structural_features,ber,position,10200,0.05045139018679038,0.10128996554110475,0.0,0.2764491592720151,6,"1000,1001,1002,1003,1004,1005",20000,200,True
copy,structural_features,ber,position,10400,0.09543857351061887,0.10112326144218031,0.0,0.2716312687844038,6,"1000,1001,1002,1003,1004,1005",20000,200,True
copy,structural_features,ber,position,10600,0.04746942845832867,0.08879946858773663,0.0,0.24477031840011476,6,"1000,1001,1002,1003,1004,1005",20000,200,True
copy,structural_features,ber,position,10800,0.041869464525564885,0.08238802651810195,0.0,0.2259079354442656,6,"1000,1001,1002,1003,1004,1005",20000,200,True
copy,structural_features,ber,position,11000,0.03588614122825675,0.06740452736822618,0.0,0.18649145691655578,6,"1000,1001,1002,1003,1004,1005",20000,200,True
copy,structural_features,ber,position,11200,0.03957154681207612,0.050628999712411846,0.0,0.11703969821333886,6,"1000,1001,1002,1003,1004,1005",20000,200,True
copy,structural_features,ber,position,11400,0.06779959941282869,0.06936558341625051,0.0,0.20280550074297934,6,"1000,1001,1002,1003,1004,1005",20000,200,True
copy,structural_features,ber,position,11600,0.037153818708999704,0.07349399869950933,0.0,0.20080002397298813,6,"1000,1001,1002,1003,1004,1005",20000,200,True
copy,structural_features,ber,position,11800,0.010094861992790053,0.012637853335600423,0.0,0.035722685907967386,6,"1000,1001,1002,1003,1004,1005",20000,200,True
copy,structural_features,ber,position,12000,0.03542868447916893,0.05353330650199425,0.0,0.15119549761060624,6,"1000,1001,1002,1003,1004,1005",20000,200,True
copy,structural_features,ber,position,12200,0.03865535161846007,0.07692769115467549,0.0,0.20975324213504792,6,"1000,1001,1002,1003,1004,1005",20000,200,True
copy,structural_features,ber,position,12400,0.023074245849081004,0.036620432058943914,0.0,0.10243585249176249,6,"1000,1001,1002,1003,1004,1005",20000,200,True
copy,structural_features,ber,position,12600,0.013962157695398977,0.014212081913758926,0.0,0.03776892736554146,6,"1000,1001,1002,1003,1004,1005",20000,200,True
copy,structural_features,ber,position,12800,0.024398748227007067,0.048889025250600196,0.0,0.13360144883859904,6,"1000,1001,1002,1003,1004,1005",20000,200,True
copy,structural_features,ber,position,13000,0.002385565750300884,0.004396737817932276,0.0,0.01208651915192604,6,"1000,1001,1002,1003,1004,1005",20000,200,True
copy,structural_features,ber,position,13200,0.0020253286060566704,0.002351707249659238,0.0,0.005822916775941849,6,"1000,1001,1002,1003,1004,1005",20000,200,True
copy,structural_features,ber,position,13400,0.0021036442334298046,0.003751781329080023,0.0,0.010314945734571666,6,"1000,1001,1002,1003,1004,1005",20000,200,True
copy,structural_features,ber,position,13600,0.0008501422172412276,0.0009068995484525327,0.0,0.0020758928591385483,6,"1000,1001,1002,1003,1004,1005",20000,200,True
copy,structural_features,ber,position,13800,0.0010803832571643095,0.0010887090799279798,0.0,0.002366071492433548,6,"1000,1001,1002,1003,1004,1005",20000,200,True
copy,structural_features,ber,position,14000,0.0027429783538294333,0.0021565353976149173,0.0,0.006875,6,"1000,1001,1002,1003,1004,1005",20000,200,True
copy,structural_features,ber,position,14200,0.01528040685962575,0.031520902446171534,0.0,0.08560507070273161,6,"1000,1001,1002,1003,1004,1005",20000,200,True
copy,structural_features,ber,position,14400,0.009263678808541348,0.01404624114203665,0.0,0.04012232139706612,6,"1000,1001,1002,1003,1004,1005",20000,200,True
copy,structural_features,ber,position,14600,0.0650024288004109,0.13943147868939662,0.0,0.376737663038075,6,"1000,1001,1002,1003,1004,1005",20000,200,True
copy,structural_features,ber,position,14800,0.07125940760636391,0.1553712019349361,0.0,0.4186507835239172,6,"1000,1001,1002,1003,1004,1005",20000,200,True
copy,structural_features,ber,position,15000,0.059316213304797805,0.1315202192475009,0.0,0.3533972798287868,6,"1000,1001,1002,1003,1004,1005",20000,200,True
copy,structural_features,ber,position,15200,0.029632176665666823,0.04188399185931723,0.0,0.08999761765124276,6,"1000,1001,1002,1003,1004,1005",20000,200,True
copy,structural_features,ber,position,15400,0.055404747804083554,0.10430636371234377,3.472222248092294e-05,0.2864329869532958,6,"1000,1001,1002,1003,1004,1005",20000,200,True
copy,structural_features,ber,position,15600,0.01246127218163262,0.025719127228818552,0.0,0.06992041098652407,6,"1000,1001,1002,1003,1004,1005",20000,200,True
copy,structural_features,ber,position,15800,0.04364557532671218,0.08490671482420191,0.0,0.23287047795951366,6,"1000,1001,1002,1003,1004,1005",20000,200,True
copy,structural_features,ber,position,16000,0.015003985536362355,0.028257669553845698,0.0,0.07735864702612162,6,"1000,1001,1002,1003,1004,1005",20000,200,True
copy,structural_features,ber,position,16200,0.0006938065805782875,0.0013565309230980714,0.0,0.0037187500298023223,6,"1000,1001,1002,1003,1004,1005",20000,200,True
copy,structural_features,ber,position,16400,0.002427216560269396,0.0024054287067978505,0.0,0.007303084880113601,6,"1000,1001,1002,1003,1004,1005",20000,200,True
copy,structural_features,ber,position,16600,0.002028811201453209,0.0015449450898358853,0.0,0.004004464298486709,6,"1000,1001,1002,1003,1004,1005",20000,200,True
copy,structural_features,ber,position,16800,0.0021665328663463394,0.0038448936462145374,0.0,0.010563616007566452,6,"1000,1001,1002,1003,1004,1005",20000,200,True
copy,structural_features,ber,position,17000,0.0007453964584662268,0.0010448784508340124,0.0,0.002354323244653642,6,"1000,1001,1002,1003,1004,1005",20000,200,True
copy,structural_features,ber,position,17200,0.00259956094630373,0.0023560043069558263,0.0,0.00653709787176922,6,"1000,1001,1002,1003,1004,1005",20000,200,True
copy,structural_features,ber,position,17400,0.005136818259488791,0.010560854175164667,0.0,0.02869264155626297,6,"1000,1001,1002,1003,1004,1005",20000,200,True
copy,structural_features,ber,position,17600,0.0013728318363428115,0.001519892289431825,0.0,0.004038461595773697,6,"1000,1001,1002,1003,1004,1005",20000,200,True
copy,structural_features,ber,position,17800,8.68055581425627e-06,1.9410312883158058e-05,0.0,5.2083334885537625e-05,6,"1000,1001,1002,1003,1004,1005",20000,200,True
copy,structural_features,ber,position,18000,2.0833333643774194e-05,4.658475022541248e-05,0.0,0.00012500000186264516,6,"1000,1001,1002,1003,1004,1005",20000,200,True
copy,structural_features,ber,position,18200,0.0015880619536619634,0.0017425286145537923,0.0,0.0040234375,6,"1000,1001,1002,1003,1004,1005",20000,200,True
copy,structural_features,ber,position,18400,0.0011723879600564638,0.0014417499827897196,0.0,0.0037322443723678588,6,"1000,1001,1002,1003,1004,1005",20000,200,True
copy,structural_features,ber,position,18600,0.002142578462759654,0.0024526855900614685,0.0,0.0064900703728199005,6,"1000,1001,1002,1003,1004,1005",20000,200,True
copy,structural_features,ber,position,18800,0.020619923050204915,0.045293920353691355,0.0,0.12188918113708497,6,"1000,1001,1002,1003,1004,1005",20000,200,True
copy,structural_features,ber,position,19000,0.04739539649841997,0.09211079753709216,0.0,0.25257623333018275,6,"1000,1001,1002,1003,1004,1005",20000,200,True
copy,structural_features,ber,position,19200,7.4404765230913955e-06,1.6637411290623643e-05,0.0,4.464285913854837e-05,6,"1000,1001,1002,1003,1004,1005",20000,200,True
copy,structural_features,ber,position,19400,0.0,0.0,0.0,0.0,6,"1000,1001,1002,1003,1004,1005",20000,200,True
copy,structural_features,ber,position,19600,0.010828442594502122,0.020019281701241034,0.0,0.05515782982110977,6,"1000,1001,1002,1003,1004,1005",20000,200,True
copy,structural_features,ber,position,19800,0.020287290605095525,0.0443467920144046,0.0,0.11943207691423595,6,"1000,1001,1002,1003,1004,1005",20000,200,True
copy,structural_features,ber,position,20000,0.00026041666666666666,0.0005823093691405703,0.0,0.0015625,6,"1000,1001,1002,1003,1004,1005",20000,200,True
copy,structural_features,ber,operation,200,0.46401817977428433,0.005613810607808613,0.457799077630043,0.4755716475844383,6,"1000,1001,1002,1003,1004,1005",20000,200,True
copy,structural_features,ber,operation,400,0.4295117719098926,0.006246782338868731,0.42243927970528605,0.44068663716316225,6,"1000,1001,1002,1003,1004,1005",20000,200,True
copy,structural_features,ber,operation,600,0.42202422746767604,0.008205189497935307,0.4085987885296345,0.4307474549859762,6,"1000,1001,1002,1003,1004,1005",20000,200,True
copy,structural_features,ber,operation,800,0.41543527839084465,0.0062307625215063805,0.40591057419776916,0.4249405674636364,6,"1000,1001,1002,1003,1004,1005",20000,200,True
copy,structural_features,ber,operation,1000,0.4059715571875373,0.004845291312618729,0.39773439809679983,0.4105613274872303,6,"1000,1001,1002,1003,1004,1005",20000,200,True
copy,structural_features,ber,operation,1200,0.4006575123344858,0.00871997730972421,0.39061416923999787,0.4154410669952631,6,"1000,1001,1002,1003,1004,1005",20000,200,True
copy,structural_features,ber,operation,1400,0.3957021610687177,0.005965926642914596,0.38427819825708864,0.4038444899767637,6,"1000,1001,1002,1003,1004,1005",20000,200,True
copy,structural_features,ber,operation,1600,0.39768122748782236,0.006728048201368586,0.39052194699645043,0.4099269999563694,6,"1000,1001,1002,1003,1004,1005",20000,200,True
copy,structural_features,ber,operation,1800,0.39328509831180175,0.0030915065342133614,0.3874096536636353,0.3968919259309769,6,"1000,1001,1002,1003,1004,1005",20000,200,True
copy,structural_features,ber,operation,2000,0.3900850563247998,0.006797148827688098,0.3784095450490713,0.40120744943618775,6,"1000,1001,1002,1003,1004,1005",20000,200,True
copy,structural_features,ber,operation,2200,0.38706457468370603,0.006788627646410014,0.3750132492184639,0.396276728361845,6,"1000,1001,1002,1003,1004,1005",20000,200,True
copy,structural_features,ber,operation,2400,0.38057495693365734,0.008223020853425649,0.36523612827062607,0.3893072251975536,6,"1000,1001,1002,1003,1004,1005",20000,200,True
copy,structural_features,ber,operation,2600,0.37421412459264203,0.014909528001621718,0.3465704180300236,0.39526823081076146,6,"1000,1001,1002,1003,1004,1005",20000,200,True
copy,structural_features,ber,operation,2800,0.3634183027502149,0.03955705354894897,0.2759381799772382,0.3927203128486872,6,"1000,1001,1002,1003,1004,1005",20000,200,True
copy,structural_features,ber,operation,3000,0.3487113000856092,0.05869122185640118,0.21787749947980045,0.3826047334074974,6,"1000,1001,1002,1003,1004,1005",20000,200,True
copy,structural_features,ber,operation,3200,0.33159681167608746,0.0952431747302067,0.11990866477601231,0.38818697256967427,6,"1000,1001,1002,1003,1004,1005",20000,200,True
copy,structural_features,ber,operation,3400,0.3129395270301029,0.1057970690927225,0.08148315315134823,0.38344358541071416,6,"1000,1001,1002,1003,1004,1005",20000,200,True
copy,structural_features,ber,operation,3600,0.2931156627787277,0.13166262482976654,0.02180174739100039,0.38663717545568943,6,"1000,1001,1002,1003,1004,1005",20000,200,True
copy,structural_features,ber,operation,3800,0.26899841626135945,0.12990112404756626,0.043940855811815706,0.37666244931519033,6,"1000,1001,1002,1003,1004,1005",20000,200,True
copy,structural_features,ber,operation,4000,0.24327792701311413,0.14708028837974416,0.00495077861007303,0.37566576316952704,6,"1000,1001,1002,1003,1004,1005",20000,200,True
copy,structural_features,ber,operation,4200,0.27847157455010657,0.13170156156803667,0.03496203927090392,0.40989695336669685,6,"1000,1001,1002,1003,1004,1005",20000,200,True
copy,structural_features,ber,operation,4400,0.2681131643320744,0.1496357616442513,0.005900204423815012,0.42886335056275127,6,"1000,1001,1002,1003,1004,1005",20000,200,True
copy,structural_features,ber,operation,4600,0.3104608880658634,0.10257596320218082,0.09439407391939313,0.4080128130316734,6,"1000,1001,1002,1003,1004,1005",20000,200,True
copy,structural_features,ber,operation,4800,0.23751753541097664,0.13518838342626063,0.03656662401976064,0.3858653683960438,6,"1000,1001,1002,1003,1004,1005",20000,200,True
copy,structural_features,ber,operation,5000,0.2563883160450496,0.14123073630113642,0.012849098211154342,0.38256605543196204,6,"1000,1001,1002,1003,1004,1005",20000,200,True
copy,structural_features,ber,operation,5200,0.20350810892724738,0.14412736565272471,0.04512256648624316,0.3692968044430017,6,"1000,1001,1002,1003,1004,1005",20000,200,True
copy,structural_features,ber,operation,5400,0.22010306301604335,0.1513955845081885,0.007471592561341822,0.36702162079513073,6,"1000,1001,1002,1003,1004,1005",20000,200,True
copy,structural_features,ber,operation,5600,0.25040749056769224,0.16631423567974188,0.008931799733545631,0.4200640645623207,6,"1000,1001,1002,1003,1004,1005",20000,200,True
copy,structural_features,ber,operation,5800,0.2719435983345223,0.08365243783318127,0.09658602182753384,0.33958160733804105,6,"1000,1001,1002,1003,1004,1005",20000,200,True
copy,structural_features,ber,operation,6000,0.2891466438564627,0.10358525940170867,0.10239400694379583,0.3928151579760015,6,"1000,1001,1002,1003,1004,1005",20000,200,True
copy,structural_features,ber,operation,6200,0.21829660695279016,0.12156208085165737,0.06302947340067476,0.35640723068267105,6,"1000,1001,1002,1003,1004,1005",20000,200,True
copy,structural_features,ber,operation,6400,0.22352589532228495,0.13610923700317126,0.011895937393419445,0.3405650433525443,6,"1000,1001,1002,1003,1004,1005",20000,200,True
copy,structural_features,ber,operation,6600,0.1622188260530432,0.13441995770534795,0.000398145813960582,0.31909070210531354,6,"1000,1001,1002,1003,1004,1005",20000,200,True
copy,structural_features,ber,operation,6800,0.19564353485708127,0.1245134285292767,0.002830349786672741,0.3294332258263603,6,"1000,1001,1002,1003,1004,1005",20000,200,True
copy,structural_features,ber,operation,7000,0.14126751691956696,0.11128997719268839,0.0046935871429741385,0.31366155928000805,6,"1000,1001,1002,1003,1004,1005",20000,200,True
copy,structural_features,ber,operation,7200,0.08087389006085384,0.10640988209293352,0.0001409313757903874,0.30254482666030524,6,"1000,1001,1002,1003,1004,1005",20000,200,True
copy,structural_features,ber,operation,7400,0.0949921367453256,0.11285674028500521,0.00019345238571986557,0.30913721257820725,6,"1000,1001,1002,1003,1004,1005",20000,200,True
copy,structural_features,ber,operation,7600,0.1501270420628134,0.13942476035844187,0.0,0.3637696987390518,6,"1000,1001,1002,1003,1004,1005",20000,200,True
copy,structural_features,ber,operation,7800,0.11399216919050863,0.10319486587817524,0.00125,0.29253776609897614,6,"1000,1001,1002,1003,1004,1005",20000,200,True
copy,structural_features,ber,operation,8000,0.07262341241158234,0.10504751070808828,0.0,0.2989237975142896,6,"1000,1001,1002,1003,1004,1005",20000,200,True
copy,structural_features,ber,operation,8200,0.11029577724790822,0.12018165946206902,0.0,0.29451950345188377,6,"1000,1001,1002,1003,1004,1005",20000,200,True
copy,structural_features,ber,operation,8400,0.0753351479912332,0.10515621871796978,0.002218750030733645,0.2843287350051105,6,"1000,1001,1002,1003,1004,1005",20000,200,True
copy,structural_features,ber,operation,8600,0.07262845928509098,0.10344124122295914,0.0,0.2787505741044879,6,"1000,1001,1002,1003,1004,1005",20000,200,True
copy,structural_features,ber,operation,8800,0.048690974544733756,0.10305514519003009,0.0,0.2790998250991106,6,"1000,1001,1002,1003,1004,1005",20000,200,True
copy,structural_features,ber,operation,9000,0.08388941314381858,0.10867883256079436,0.0,0.2860947552137077,6,"1000,1001,1002,1003,1004,1005",20000,200,True
copy,structural_features,ber,operation,9200,0.07749567568729011,0.09992220679758812,0.0,0.2764124052412808,6,"1000,1001,1002,1003,1004,1005",20000,200,True
copy,structural_features,ber,operation,9400,0.055006206129910425,0.10370032349936076,0.0,0.2848724087700248,6,"1000,1001,1002,1003,1004,1005",20000,200,True
copy,structural_features,ber,operation,9600,0.04907735764631071,0.09975694934641036,0.0,0.27165197549387815,6,"1000,1001,1002,1003,1004,1005",20000,200,True
copy,structural_features,ber,operation,9800,0.05440167642431334,0.09580867926446895,0.0,0.26568060213699934,6,"1000,1001,1002,1003,1004,1005",20000,200,True
copy,structural_features,ber,operation,10000,0.07666524353359515,0.0991190940677988,0.0,0.26124088505283,6,"1000,1001,1002,1003,1004,1005",20000,200,True
copy,structural_features,ber,operation,10200,0.05632682657955835,0.09240586757781019,0.0,0.2595484584197402,6,"1000,1001,1002,1003,1004,1005",20000,200,True
copy,structural_features,ber,operation,10400,0.0495476603783512,0.09757094156666464,0.0,0.26705394830554724,6,"1000,1001,1002,1003,1004,1005",20000,200,True
copy,structural_features,ber,operation,10600,0.061803461481273796,0.09277181078174927,0.0,0.25252565218135714,6,"1000,1001,1002,1003,1004,1005",20000,200,True
copy,structural_features,ber,operation,10800,0.08923587561235763,0.12088036524206994,0.0,0.2802058468502946,6,"1000,1001,1002,1003,1004,1005",20000,200,True
copy,structural_features,ber,operation,11000,0.03716116894696218,0.06797672762325936,0.0,0.18866390601731836,6,"1000,1001,1002,1003,1004,1005",20000,200,True
copy,structural_features,ber,operation,11200,0.04401330592886855,0.07944220558645027,0.0,0.2191519453562796,6,"1000,1001,1002,1003,1004,1005",20000,200,True
copy,structural_features,ber,operation,11400,0.028338440165001283,0.05599926000128497,0.0,0.15327310780063272,6,"1000,1001,1002,1003,1004,1005",20000,200,True
copy,structural_features,ber,operation,11600,0.02135223780137797,0.03465864881307965,0.0,0.09767359251156449,6,"1000,1001,1002,1003,1004,1005",20000,200,True
copy,structural_features,ber,operation,11800,0.01269564830310022,0.01868546882368647,0.0,0.05336540763266385,6,"1000,1001,1002,1003,1004,1005",20000,200,True
copy,structural_features,ber,operation,12000,0.00822585935238749,0.013108545638220523,0.0,0.03684723536949605,6,"1000,1001,1002,1003,1004,1005",20000,200,True
copy,structural_features,ber,operation,12200,0.004658176832211514,0.0072334879780405,0.0,0.02038234366569668,6,"1000,1001,1002,1003,1004,1005",20000,200,True
copy,structural_features,ber,operation,12400,0.008081717388316369,0.011905629470122293,0.0,0.03221628241473809,6,"1000,1001,1002,1003,1004,1005",20000,200,True
copy,structural_features,ber,operation,12600,0.006247312896108876,0.007409938750948532,0.0,0.020000582018401474,6,"1000,1001,1002,1003,1004,1005",20000,200,True
copy,structural_features,ber,operation,12800,0.0029435553378425543,0.004220144248728327,0.0,0.010140962472651154,6,"1000,1001,1002,1003,1004,1005",20000,200,True
copy,structural_features,ber,operation,13000,0.0018043800621914366,0.0025478271486344055,0.0,0.0059062342182733115,6,"1000,1001,1002,1003,1004,1005",20000,200,True
copy,structural_features,ber,operation,13200,0.0011529657939293731,0.001970188648005723,0.0,0.005386544703505933,6,"1000,1001,1002,1003,1004,1005",20000,200,True
copy,structural_features,ber,operation,13400,0.002738725203089416,0.0030337862090302884,0.0,0.008033883823081851,6,"1000,1001,1002,1003,1004,1005",20000,200,True
copy,structural_features,ber,operation,13600,0.0008364990931780387,0.0016443688447370364,0.0,0.00448774455813691,6,"1000,1001,1002,1003,1004,1005",20000,200,True
copy,structural_features,ber,operation,13800,0.00196289998673213,0.0022779911167380208,0.0,0.005958096564281732,6,"1000,1001,1002,1003,1004,1005",20000,200,True
copy,structural_features,ber,operation,14000,0.0006684980968323847,0.0009483963645128334,0.0,0.002135988580994308,6,"1000,1001,1002,1003,1004,1005",20000,200,True
copy,structural_features,ber,operation,14200,0.0012488373939413579,0.0017517044417360347,0.0,0.004731971025466919,6,"1000,1001,1002,1003,1004,1005",20000,200,True
copy,structural_features,ber,operation,14400,0.003923467731413742,0.004852447861796758,0.0,0.014275624179281294,6,"1000,1001,1002,1003,1004,1005",20000,200,True
copy,structural_features,ber,operation,14600,0.0018053868789381037,0.0018873334754820777,0.0,0.005496343085542321,6,"1000,1001,1002,1003,1004,1005",20000,200,True
copy,structural_features,ber,operation,14800,0.0009647854890984793,0.001580529846515673,0.0,0.004444444477558136,6,"1000,1001,1002,1003,1004,1005",20000,200,True
copy,structural_features,ber,operation,15000,0.0016784122031337273,0.0036051949574175454,0.0,0.009735224577598274,6,"1000,1001,1002,1003,1004,1005",20000,200,True
copy,structural_features,ber,operation,15200,0.003171810286585242,0.006883822502408421,0.0,0.018559697207529098,6,"1000,1001,1002,1003,1004,1005",20000,200,True
copy,structural_features,ber,operation,15400,0.004758550830495854,0.01026210580679413,0.0,0.027697725710459052,6,"1000,1001,1002,1003,1004,1005",20000,200,True
copy,structural_features,ber,operation,15600,0.005961543705003957,0.012809194869051408,0.0,0.03459773903945461,6,"1000,1001,1002,1003,1004,1005",20000,200,True
copy,structural_features,ber,operation,15800,0.0035204090589346982,0.006959430021333923,0.0,0.019017771512735634,6,"1000,1001,1002,1003,1004,1005",20000,200,True
copy,structural_features,ber,operation,16000,3.571428668995698e-05,5.1549132406672226e-05,0.0,0.00012500000186264516,6,"1000,1001,1002,1003,1004,1005",20000,200,True
copy,structural_features,ber,operation,16200,5.010893296760818e-05,7.117175643172044e-05,0.0,0.0001617647078819573,6,"1000,1001,1002,1003,1004,1005",20000,200,True
copy,structural_features,ber,operation,16400,0.0003767981131871541,0.0008425461948801364,0.0,0.0022607886791229247,6,"1000,1001,1002,1003,1004,1005",20000,200,True
copy,structural_features,ber,operation,16600,1.7056530341506006e-05,3.813956130389513e-05,0.0,0.00010233918204903603,6,"1000,1001,1002,1003,1004,1005",20000,200,True
copy,structural_features,ber,operation,16800,0.0024366760397485144,0.002281065025414072,0.0,0.006671255896799266,6,"1000,1001,1002,1003,1004,1005",20000,200,True
copy,structural_features,ber,operation,17000,4.172231187112629e-05,5.9169143206518796e-05,0.0,0.00013281250139698386,6,"1000,1001,1002,1003,1004,1005",20000,200,True
copy,structural_features,ber,operation,17200,2.5409765075892207e-05,4.319249184475041e-05,0.0,0.00011773636797443032,6,"1000,1001,1002,1003,1004,1005",20000,200,True
copy,structural_features,ber,operation,17400,0.0005320614898422113,0.0011014242046938126,0.0,0.0029893353092484178,6,"1000,1001,1002,1003,1004,1005",20000,200,True
copy,structural_features,ber,operation,17600,0.0004036001539013038,0.0008885752258498442,0.0,0.0023903509229421614,6,"1000,1001,1002,1003,1004,1005",20000,200,True
copy,structural_features,ber,operation,17800,0.0020120883597216257,0.0023725350314775465,0.0,0.006417521105613559,6,"1000,1001,1002,1003,1004,1005",20000,200,True
copy,structural_features,ber,operation,18000,0.0045138623612001536,0.009014891580914208,0.0,0.024584727857727556,6,"1000,1001,1002,1003,1004,1005",20000,200,True
copy,structural_features,ber,operation,18200,0.0,0.0,0.0,0.0,6,"1000,1001,1002,1003,1004,1005",20000,200,True
copy,structural_features,ber,operation,18400,0.0012545354982527593,0.0012549157380923502,0.0,0.002569444477558136,6,"1000,1001,1002,1003,1004,1005",20000,200,True
copy,structural_features,ber,operation,18600,0.0003696153778582811,0.0006978271515418449,0.0,0.001919642835855484,6,"1000,1001,1002,1003,1004,1005",20000,200,True
copy,structural_features,ber,operation,18800,0.0012979227025061845,0.002059188484506099,0.0,0.005510292649269104,6,"1000,1001,1002,1003,1004,1005",20000,200,True
copy,structural_features,ber,operation,19000,0.0009546182948785524,0.001585231291631993,0.0,0.004383012759499252,6,"1000,1001,1002,1003,1004,1005",20000,200,True
copy,structural_features,ber,operation,19200,0.000688522553537041,0.001539583233750562,0.0,0.004131135321222246,6,"1000,1001,1002,1003,1004,1005",20000,200,True
copy,structural_features,ber,operation,19400,0.00038422880539049705,0.0005433959924262852,0.0,0.0011595394741743803,6,"1000,1001,1002,1003,1004,1005",20000,200,True
copy,structural_features,ber,operation,19600,6.485615236063799e-05,0.00014502276543746997,0.0,0.0003891369141638279,6,"1000,1001,1002,1003,1004,1005",20000,200,True
copy,structural_features,ber,operation,19800,5.2083334885537625e-05,0.00011646187729894835,0.0,0.00031250000931322576,6,"1000,1001,1002,1003,1004,1005",20000,200,True
copy,structural_features,ber,operation,20000,0.00029036458348855374,0.0006217430873098869,0.0,0.0016796875,6,"1000,1001,1002,1003,1004,1005",20000,200,True
copy,structural_features,ber,relation,200,0.4644749131177863,0.004197894245083964,0.45991973832249644,0.47301525466144084,6,"1000,1001,1002,1003,1004,1005",20000,200,True
copy,structural_features,ber,relation,400,0.4285276623318593,0.005891445768545312,0.4218607949465513,0.4373899590969086,6,"1000,1001,1002,1003,1004,1005",20000,200,True
copy,structural_features,ber,relation,600,0.418518739057084,0.005787269943026157,0.4099284814298153,0.4263557741045952,6,"1000,1001,1002,1003,1004,1005",20000,200,True
copy,structural_features,ber,relation,800,0.4084733601162831,0.003279520943037153,0.40288992688059805,0.41364411503076554,6,"1000,1001,1002,1003,1004,1005",20000,200,True
copy,structural_features,ber,relation,1000,0.40317035802950457,0.005175931250459168,0.39576590768992903,0.4118805157393217,6,"1000,1001,1002,1003,1004,1005",20000,200,True
copy,structural_features,ber,relation,1200,0.3990248177573085,0.007391791328761916,0.3904058623313904,0.41228395350277425,6,"1000,1001,1002,1003,1004,1005",20000,200,True
copy,structural_features,ber,relation,1400,0.3941521962359547,0.005675965061277775,0.38459731616079806,0.40243553459644316,6,"1000,1001,1002,1003,1004,1005",20000,200,True
copy,structural_features,ber,relation,1600,0.3946622384587924,0.007627099072878154,0.3891782973706722,0.41105639696121216,6,"1000,1001,1002,1003,1004,1005",20000,200,True
copy,structural_features,ber,relation,1800,0.3892063561206063,0.003708561782474629,0.3836361435055733,0.39326501354575155,6,"1000,1001,1002,1003,1004,1005",20000,200,True
copy,structural_features,ber,relation,2000,0.38601139294604464,0.0068752997600343285,0.37773115500807763,0.3970073113590479,6,"1000,1001,1002,1003,1004,1005",20000,200,True
copy,structural_features,ber,relation,2200,0.3824377844917278,0.006044524850344272,0.37100225649774077,0.3890989750251174,6,"1000,1001,1002,1003,1004,1005",20000,200,True
copy,structural_features,ber,relation,2400,0.3770963780581951,0.007523843710086686,0.3643339494615793,0.38404313758015635,6,"1000,1001,1002,1003,1004,1005",20000,200,True
copy,structural_features,ber,relation,2600,0.3747318958615263,0.008123493163735604,0.35864025391638277,0.3849376739561558,6,"1000,1001,1002,1003,1004,1005",20000,200,True
copy,structural_features,ber,relation,2800,0.37441724108532076,0.005994895218654062,0.3659703290462494,0.3826431704312563,6,"1000,1001,1002,1003,1004,1005",20000,200,True
copy,structural_features,ber,relation,3000,0.3684036433945099,0.00449517273346549,0.3620807980000973,0.375253662019968,6,"1000,1001,1002,1003,1004,1005",20000,200,True
copy,structural_features,ber,relation,3200,0.3677358276583254,0.004315239766974483,0.3605461373925209,0.37279199846088884,6,"1000,1001,1002,1003,1004,1005",20000,200,True
copy,structural_features,ber,relation,3400,0.3634856439568102,0.008284410307287288,0.35147566378116607,0.3767373003810644,6,"1000,1001,1002,1003,1004,1005",20000,200,True
copy,structural_features,ber,relation,3600,0.36204527022317046,0.008778537292287997,0.34545678276568653,0.3714314357191324,6,"1000,1001,1002,1003,1004,1005",20000,200,True
copy,structural_features,ber,relation,3800,0.34816281142334143,0.0070488602951689645,0.3420258641242981,0.36042864568531513,6,"1000,1001,1002,1003,1004,1005",20000,200,True
copy,structural_features,ber,relation,4000,0.34478447743381063,0.007559267761959513,0.33591968439519404,0.3593265877664089,6,"1000,1001,1002,1003,1004,1005",20000,200,True
copy,structural_features,ber,relation,4200,0.33622319021883107,0.012221809416758947,0.31741469752043483,0.3525501387566328,6,"1000,1001,1002,1003,1004,1005",20000,200,True
copy,structural_features,ber,relation,4400,0.32188808084155124,0.02512429835844742,0.27136911664158103,0.34766033045947553,6,"1000,1001,1002,1003,1004,1005",20000,200,True
copy,structural_features,ber,relation,4600,0.30739341319538654,0.05827816029490075,0.18008790312334896,0.35157521583139895,6,"1000,1001,1002,1003,1004,1005",20000,200,True
copy,structural_features,ber,relation,4800,0.27692268591684605,0.09030295496939587,0.08068693095818162,0.34551117740571496,6,"1000,1001,1002,1003,1004,1005",20000,200,True
copy,structural_features,ber,relation,5000,0.25966414354896794,0.0996654461657166,0.05034737284295261,0.3289204879105091,6,"1000,1001,1002,1003,1004,1005",20000,200,True
copy,structural_features,ber,relation,5200,0.25214496284762083,0.0804573499180463,0.12049222393194213,0.33510040171444416,6,"1000,1001,1002,1003,1004,1005",20000,200,True
copy,structural_features,ber,relation,5400,0.2194291833260407,0.10827461109644829,0.04994038315489888,0.32545359287410974,6,"1000,1001,1002,1003,1004,1005",20000,200,True
copy,structural_features,ber,relation,5600,0.19051426392863505,0.11881556150736942,0.03549321143655106,0.3134934513270855,6,"1000,1001,1002,1003,1004,1005",20000,200,True
copy,structural_features,ber,relation,5800,0.19343298861640504,0.09872074650725159,0.0783253327710554,0.3103658411279321,6,"1000,1001,1002,1003,1004,1005",20000,200,True
copy,structural_features,ber,relation,6000,0.26312689157668506,0.13043522866137003,0.04860805867007002,0.47202052146196366,6,"1000,1001,1002,1003,1004,1005",20000,200,True
copy,structural_features,ber,relation,6200,0.2325660382998952,0.125178899345984,0.05465092830127105,0.4151453223824501,6,"1000,1001,1002,1003,1004,1005",20000,200,True
copy,structural_features,ber,relation,6400,0.17710495106875898,0.13627701958374033,0.01334228175226599,0.37576774902641774,6,"1000,1001,1002,1003,1004,1005",20000,200,True
copy,structural_features,ber,relation,6600,0.21981856479697548,0.12891691471105535,0.0548642726871185,0.3718175034224987,6,"1000,1001,1002,1003,1004,1005",20000,200,True
copy,structural_features,ber,relation,6800,0.18727754227273788,0.13218960554135234,0.009907452671322972,0.3260923171043396,6,"1000,1001,1002,1003,1004,1005",20000,200,True
copy,structural_features,ber,relation,7000,0.1965016838888793,0.11539792114048275,0.01672794410493225,0.3160788619797677,6,"1000,1001,1002,1003,1004,1005",20000,200,True
copy,structural_features,ber,relation,7200,0.12970808204030618,0.1455141234108969,0.00646389071829617,0.37073283357545733,6,"1000,1001,1002,1003,1004,1005",20000,200,True
copy,structural_features,ber,relation,7400,0.09844071303300249,0.10280681934156956,0.002151884287595749,0.2855158727988601,6,"1000,1001,1002,1003,1004,1005",20000,200,True
copy,structural_features,ber,relation,7600,0.06392487403238192,0.1098345254665116,0.00030152165330946443,0.30715761402621866,6,"1000,1001,1002,1003,1004,1005",20000,200,True
copy,structural_features,ber,relation,7800,0.07305882433080114,0.10988060897844033,7.148692850023509e-05,0.30764138609170916,6,"1000,1001,1002,1003,1004,1005",20000,200,True
copy,structural_features,ber,relation,8000,0.13523295781031872,0.1633714189488375,0.0,0.4204221692495048,6,"1000,1001,1002,1003,1004,1005",20000,200,True
copy,structural_features,ber,relation,8200,0.14427790203519786,0.153501761172054,0.0,0.4020298435911536,6,"1000,1001,1002,1003,1004,1005",20000,200,True
copy,structural_features,ber,relation,8400,0.1815822346143735,0.1818764359996832,0.0,0.4323825830966234,6,"1000,1001,1002,1003,1004,1005",20000,200,True
copy,structural_features,ber,relation,8600,0.10257761009115106,0.10596719240991828,5.681818351149559e-05,0.29111751323565843,6,"1000,1001,1002,1003,1004,1005",20000,200,True
copy,structural_features,ber,relation,8800,0.058033916391820345,0.1018275897789784,0.0,0.28175975089892746,6,"1000,1001,1002,1003,1004,1005",20000,200,True
copy,structural_features,ber,relation,9000,0.07482523949545188,0.09830100096146037,0.0,0.27858740171417595,6,"1000,1001,1002,1003,1004,1005",20000,200,True
copy,structural_features,ber,relation,9200,0.1020668452399938,0.10519267881568582,9.722222341224552e-05,0.26570433521643283,6,"1000,1001,1002,1003,1004,1005",20000,200,True
copy,structural_features,ber,relation,9400,0.061992439152672885,0.097264723152767,0.002165247625671327,0.2720155124552548,6,"1000,1001,1002,1003,1004,1005",20000,200,True
copy,structural_features,ber,relation,9600,0.06303747356830476,0.09821449938891805,0.0,0.27904049526900054,6,"1000,1001,1002,1003,1004,1005",20000,200,True
copy,structural_features,ber,relation,9800,0.06561715517309494,0.09670280241445775,5.2083334885537625e-05,0.2642873268947005,6,"1000,1001,1002,1003,1004,1005",20000,200,True
copy,structural_features,ber,relation,10000,0.06734616085692931,0.09839900423882636,0.0,0.27059771755710244,6,"1000,1001,1002,1003,1004,1005",20000,200,True
copy,structural_features,ber,relation,10200,0.058103343305022766,0.09684600765184084,0.0,0.2692508011683822,6,"1000,1001,1002,1003,1004,1005",20000,200,True
copy,structural_features,ber,relation,10400,0.05207372928814342,0.0996948535769666,0.0,0.27307749869301917,6,"1000,1001,1002,1003,1004,1005",20000,200,True
copy,structural_features,ber,relation,10600,0.044752205881522976,0.09877896254675743,0.0,0.26562019580975177,6,"1000,1001,1002,1003,1004,1005",20000,200,True
copy,structural_features,ber,relation,10800,0.043678478297078986,0.09511998219947698,0.0,0.256358052007854,6,"1000,1001,1002,1003,1004,1005",20000,200,True
copy,structural_features,ber,relation,11000,0.04517819371035633,0.0991215044523625,0.0,0.26681127114221453,6,"1000,1001,1002,1003,1004,1005",20000,200,True
copy,structural_features,ber,relation,11200,0.04425247938216973,0.09708817292299539,0.0,0.2613389667496085,6,"1000,1001,1002,1003,1004,1005",20000,200,True
copy,structural_features,ber,relation,11400,0.0446197374300876,0.09752383183685792,0.0,0.26267582423985003,6,"1000,1001,1002,1003,1004,1005",20000,200,True
copy,structural_features,ber,relation,11600,0.04162319797013576,0.09203253044744662,0.0,0.24740585442632437,6,"1000,1001,1002,1003,1004,1005",20000,200,True
copy,structural_features,ber,relation,11800,0.04641090493726854,0.09181615090475319,0.0,0.2506254759989679,6,"1000,1001,1002,1003,1004,1005",20000,200,True
copy,structural_features,ber,relation,12000,0.04065776745167871,0.08526171252672979,0.0,0.23123548781499267,6,"1000,1001,1002,1003,1004,1005",20000,200,True
copy,structural_features,ber,relation,12200,0.041422318967524914,0.07894497744011293,0.0,0.21624677753075958,6,"1000,1001,1002,1003,1004,1005",20000,200,True
copy,structural_features,ber,relation,12400,0.02590897959424183,0.050088866829186396,3.125000046566129e-05,0.1375414436031133,6,"1000,1001,1002,1003,1004,1005",20000,200,True
copy,structural_features,ber,relation,12600,0.07588277697563171,0.13345629548888474,0.0009027778031304479,0.3684593319892883,6,"1000,1001,1002,1003,1004,1005",20000,200,True
copy,structural_features,ber,relation,12800,0.07248440957240139,0.1368356593674739,0.0,0.37448020864278075,6,"1000,1001,1002,1003,1004,1005",20000,200,True
copy,structural_features,ber,relation,13000,0.06460015161661432,0.13178137832873374,0.0,0.3583201352506876,6,"1000,1001,1002,1003,1004,1005",20000,200,True
copy,structural_features,ber,relation,13200,0.05825832201439577,0.12539080442395023,0.0,0.3385275727137923,6,"1000,1001,1002,1003,1004,1005",20000,200,True
copy,structural_features,ber,relation,13400,0.05902924056164921,0.12349520299489535,0.0,0.334914544057101,6,"1000,1001,1002,1003,1004,1005",20000,200,True
copy,structural_features,ber,relation,13600,0.049479409271152686,0.10349783905182258,0.0,0.28079771012999116,6,"1000,1001,1002,1003,1004,1005",20000,200,True
copy,structural_features,ber,relation,13800,0.011962668735456343,0.02358558051375273,0.0,0.0646389971789904,6,"1000,1001,1002,1003,1004,1005",20000,200,True
copy,structural_features,ber,relation,14000,0.07968334940999436,0.12307116819421161,0.0,0.3247408895310946,6,"1000,1001,1002,1003,1004,1005",20000,200,True
copy,structural_features,ber,relation,14200,0.11511267820994059,0.16293445743945187,0.0,0.35826134962029754,6,"1000,1001,1002,1003,1004,1005",20000,200,True
copy,structural_features,ber,relation,14400,0.059029427866917096,0.11954052625887884,0.0,0.3254645362216979,6,"1000,1001,1002,1003,1004,1005",20000,200,True
copy,structural_features,ber,relation,14600,0.06022669338233148,0.13220026479938987,0.0,0.35581762208603324,6,"1000,1001,1002,1003,1004,1005",20000,200,True
copy,structural_features,ber,relation,14800,0.05670091269460197,0.1153924271967044,0.0,0.31382565122097733,6,"1000,1001,1002,1003,1004,1005",20000,200,True
copy,structural_features,ber,relation,15000,0.007114909227238967,0.01381177688470713,0.0,0.03773264830233529,6,"1000,1001,1002,1003,1004,1005",20000,200,True
copy,structural_features,ber,relation,15200,0.009772710974793883,0.020578086013317752,0.0,0.05574282167479396,6,"1000,1001,1002,1003,1004,1005",20000,200,True
copy,structural_features,ber,relation,15400,0.0011745691889276106,0.0017372512990568988,0.0,0.0044048713147640224,6,"1000,1001,1002,1003,1004,1005",20000,200,True
copy,structural_features,ber,relation,15600,0.01662871937151067,0.02768008673522297,0.0,0.07517401601886377,6,"1000,1001,1002,1003,1004,1005",20000,200,True
copy,structural_features,ber,relation,15800,0.04971358715478952,0.1032147335207888,0.0,0.28017115586902946,6,"1000,1001,1002,1003,1004,1005",20000,200,True
copy,structural_features,ber,relation,16000,0.05284749179224794,0.1119552725227637,0.0,0.3031107280775905,6,"1000,1001,1002,1003,1004,1005",20000,200,True
copy,structural_features,ber,relation,16200,0.03419614552714241,0.07392677558329407,0.0,0.19947201217757538,6,"1000,1001,1002,1003,1004,1005",20000,200,True
copy,structural_features,ber,relation,16400,0.028318330015754328,0.040504653784101674,0.0,0.1116066450602375,6,"1000,1001,1002,1003,1004,1005",20000,200,True
copy,structural_features,ber,relation,16600,0.0024142697437976794,0.0032705145859399766,0.0,0.008904829514212906,6,"1000,1001,1002,1003,1004,1005",20000,200,True
copy,structural_features,ber,relation,16800,0.005013376741359631,0.005446030289713732,0.0,0.012984375061932951,6,"1000,1001,1002,1003,1004,1005",20000,200,True
copy,structural_features,ber,relation,17000,0.0014018541737459602,0.0031191387456811874,0.0,0.008376402819994837,6,"1000,1001,1002,1003,1004,1005",20000,200,True
copy,structural_features,ber,relation,17200,0.0032150192694583284,0.0053079400474992785,0.0,0.014814388751983643,6,"1000,1001,1002,1003,1004,1005",20000,200,True
copy,structural_features,ber,relation,17400,0.0009074863356848558,0.0013925140261816997,0.0,0.003658459670841694,6,"1000,1001,1002,1003,1004,1005",20000,200,True
copy,structural_features,ber,relation,17600,0.0022063065816958745,0.002511644702295846,0.0,0.006305147111415863,6,"1000,1001,1002,1003,1004,1005",20000,200,True
copy,structural_features,ber,relation,17800,0.058821602819177005,0.11564972959192411,0.0,0.31589416434522716,6,"1000,1001,1002,1003,1004,1005",20000,200,True
copy,structural_features,ber,relation,18000,0.012475317112014939,0.024676306230352944,0.0,0.06748735742177814,6,"1000,1001,1002,1003,1004,1005",20000,200,True
copy,structural_features,ber,relation,18200,0.012152283047325909,0.02550153454152161,0.0,0.06908991354517639,6,"1000,1001,1002,1003,1004,1005",20000,200,True
copy,structural_features,ber,relation,18400,0.06303819393506273,0.13910400610732143,0.0,0.3740656298631802,6,"1000,1001,1002,1003,1004,1005",20000,200,True
copy,structural_features,ber,relation,18600,0.05948586039245129,0.1330144275375834,0.0,0.3569151623547077,6,"1000,1001,1002,1003,1004,1005",20000,200,True
copy,structural_features,ber,relation,18800,0.0537958595653375,0.10072876545488994,0.0,0.2761912445724011,6,"1000,1001,1002,1003,1004,1005",20000,200,True
copy,structural_features,ber,relation,19000,0.06470323832356371,0.1333228221596021,0.0,0.3621333987405524,6,"1000,1001,1002,1003,1004,1005",20000,200,True
copy,structural_features,ber,relation,19200,0.0013282735797110945,0.0013960492440859163,0.0,0.0033177084242925047,6,"1000,1001,1002,1003,1004,1005",20000,200,True
copy,structural_features,ber,relation,19400,0.0016128923379195234,0.002800714721722648,0.0,0.007653544452041388,6,"1000,1001,1002,1003,1004,1005",20000,200,True
copy,structural_features,ber,relation,19600,0.0282329213564905,0.06299108046258942,0.0,0.16908502813894302,6,"1000,1001,1002,1003,1004,1005",20000,200,True
copy,structural_features,ber,relation,19800,0.006238842804838594,0.011918523477017528,0.0,0.03276474552461878,6,"1000,1001,1002,1003,1004,1005",20000,200,True
copy,structural_features,ber,relation,20000,0.007762518596136944,0.017313142553337886,0.0,0.046475846869871024,6,"1000,1001,1002,1003,1004,1005",20000,200,True
copy,structural_features,ber,combined,200,0.46639438363413016,0.006683535081210558,0.461695760935545,0.4809404220432043,6,"1000,1001,1002,1003,1004,1005",20000,200,True
copy,structural_features,ber,combined,400,0.4294890120625496,0.004238687075916531,0.42124871879816056,0.43482232332229614,6,"1000,1001,1002,1003,1004,1005",20000,200,True
copy,structural_features,ber,combined,600,0.42554126666237907,0.005608619710789964,0.41708177521824835,0.4330293790996075,6,"1000,1001,1002,1003,1004,1005",20000,200,True
copy,structural_features,ber,combined,800,0.4136048725619912,0.004790731860246804,0.4054339462518692,0.4203142374008894,6,"1000,1001,1002,1003,1004,1005",20000,200,True
copy,structural_features,ber,combined,1000,0.4050890855118632,0.004448692024940576,0.39730016246438027,0.41225117176771164,6,"1000,1001,1002,1003,1004,1005",20000,200,True
copy,structural_features,ber,combined,1200,0.39977626301348207,0.006975313238041955,0.3919952315092087,0.410016772672534,6,"1000,1001,1002,1003,1004,1005",20000,200,True
copy,structural_features,ber,combined,1400,0.3970426365857323,0.005418506295196713,0.3883652835339308,0.4053089011460543,6,"1000,1001,1002,1003,1004,1005",20000,200,True
copy,structural_features,ber,combined,1600,0.39643586407105125,0.005361818729086982,0.3912551899254322,0.4066306670755148,6,"1000,1001,1002,1003,1004,1005",20000,200,True
copy,structural_features,ber,combined,1800,0.39365428643922007,0.004385511184249948,0.38651762910187243,0.3983930118381977,6,"1000,1001,1002,1003,1004,1005",20000,200,True
copy,structural_features,ber,combined,2000,0.3905207605473697,0.006636058146291058,0.37868918016552927,0.39987213782966136,6,"1000,1001,1002,1003,1004,1005",20000,200,True
copy,structural_features,ber,combined,2200,0.38729921174546084,0.00675298356740417,0.37769530482590197,0.39742363564670086,6,"1000,1001,1002,1003,1004,1005",20000,200,True
copy,structural_features,ber,combined,2400,0.3785193216676513,0.015543985902231461,0.3482584320008755,0.3904166005551815,6,"1000,1001,1002,1003,1004,1005",20000,200,True
copy,structural_features,ber,combined,2600,0.3703149493783712,0.021278772568169946,0.3249663146957755,0.3907972215861082,6,"1000,1001,1002,1003,1004,1005",20000,200,True
copy,structural_features,ber,combined,2800,0.3658886297730108,0.03777325804077325,0.28219874642789367,0.3930484107881784,6,"1000,1001,1002,1003,1004,1005",20000,200,True
copy,structural_features,ber,combined,3000,0.33709831291809683,0.06377519757420187,0.1983162735775113,0.3801023057103157,6,"1000,1001,1002,1003,1004,1005",20000,200,True
copy,structural_features,ber,combined,3200,0.3048297920411763,0.10933804587167557,0.08042723595630377,0.38365137292072177,6,"1000,1001,1002,1003,1004,1005",20000,200,True
copy,structural_features,ber,combined,3400,0.28674539486179124,0.12197214811102004,0.06227811516728252,0.38133614547550676,6,"1000,1001,1002,1003,1004,1005",20000,200,True
copy,structural_features,ber,combined,3600,0.2702853938549136,0.14247555360795924,0.048704266580753025,0.3800126986205578,6,"1000,1001,1002,1003,1004,1005",20000,200,True
copy,structural_features,ber,combined,3800,0.2483022430395552,0.1534463153102785,0.011334826247766614,0.3706803748756647,6,"1000,1001,1002,1003,1004,1005",20000,200,True
copy,structural_features,ber,combined,4000,0.24796399699989705,0.15038240163987052,0.017713975966908036,0.3668453553318977,6,"1000,1001,1002,1003,1004,1005",20000,200,True
copy,structural_features,ber,combined,4200,0.24907913402693035,0.14367824632945894,0.024578114522155373,0.36189514882862567,6,"1000,1001,1002,1003,1004,1005",20000,200,True
copy,structural_features,ber,combined,4400,0.3063068255091396,0.13652973623476194,0.011892803232185542,0.44302684456110003,6,"1000,1001,1002,1003,1004,1005",20000,200,True
copy,structural_features,ber,combined,4600,0.28283648494281804,0.12152672047812438,0.015946438901592044,0.3536836083233357,6,"1000,1001,1002,1003,1004,1005",20000,200,True
copy,structural_features,ber,combined,4800,0.231283010027449,0.15324998392788117,0.0008332084096036852,0.35080607030540706,6,"1000,1001,1002,1003,1004,1005",20000,200,True
copy,structural_features,ber,combined,5000,0.2079585328519655,0.14704149970051344,0.00269103053258732,0.33257974840700627,6,"1000,1001,1002,1003,1004,1005",20000,200,True
copy,structural_features,ber,combined,5200,0.18155055265990086,0.1499638148401313,0.010131550452206284,0.33380959764122964,6,"1000,1001,1002,1003,1004,1005",20000,200,True
copy,structural_features,ber,combined,5400,0.16869929639389739,0.16004566055178665,0.004814157150685787,0.3398376262560487,6,"1000,1001,1002,1003,1004,1005",20000,200,True
copy,structural_features,ber,combined,5600,0.16630492938992877,0.16317092708911346,3.676470601931214e-05,0.3473606821894646,6,"1000,1001,1002,1003,1004,1005",20000,200,True
copy,structural_features,ber,combined,5800,0.21774443736338678,0.15045657233551327,0.0035361841320991514,0.3393740754853934,6,"1000,1001,1002,1003,1004,1005",20000,200,True
copy,structural_features,ber,combined,6000,0.16263003233199316,0.1556072645132056,0.0002249775128439069,0.32331192096695305,6,"1000,1001,1002,1003,1004,1005",20000,200,True
copy,structural_features,ber,combined,6200,0.1613174707822812,0.15551965226945402,0.001875,0.32080134734511373,6,"1000,1001,1002,1003,1004,1005",20000,200,True
copy,structural_features,ber,combined,6400,0.16065284076651248,0.157030417553401,0.0,0.32399904204532504,6,"1000,1001,1002,1003,1004,1005",20000,200,True
copy,structural_features,ber,combined,6600,0.2023357661087842,0.14318887763623855,0.0,0.3103399385325611,6,"1000,1001,1002,1003,1004,1005",20000,200,True
copy,structural_features,ber,combined,6800,0.1475299661284468,0.14528768922420404,0.00042872807709500195,0.3136194716207683,6,"1000,1001,1002,1003,1004,1005",20000,200,True
copy,structural_features,ber,combined,7000,0.14846989890521703,0.13261350522365148,3.125000046566129e-05,0.30401834815740586,6,"1000,1001,1002,1003,1004,1005",20000,200,True
copy,structural_features,ber,combined,7200,0.2114245141639064,0.17076947903921064,0.0,0.46816706702113153,6,"1000,1001,1002,1003,1004,1005",20000,200,True
copy,structural_features,ber,combined,7400,0.19781663670320995,0.1618513233131884,0.0023117898404598236,0.44731036633253096,6,"1000,1001,1002,1003,1004,1005",20000,200,True
copy,structural_features,ber,combined,7600,0.18065679822155897,0.15549876679865862,0.0,0.40578858971595766,6,"1000,1001,1002,1003,1004,1005",20000,200,True
copy,structural_features,ber,combined,7800,0.17227991455351,0.15685596001417315,0.002620098041370511,0.38998438127338886,6,"1000,1001,1002,1003,1004,1005",20000,200,True
copy,structural_features,ber,combined,8000,0.15912101180680718,0.1578517904297418,0.0,0.3697324074618518,6,"1000,1001,1002,1003,1004,1005",20000,200,True
copy,structural_features,ber,combined,8200,0.19401769940120475,0.1413450060058126,0.004650493343360722,0.37855256486684086,6,"1000,1001,1002,1003,1004,1005",20000,200,True
copy,structural_features,ber,combined,8400,0.18521675285922057,0.13702397463892999,0.0,0.36980935987085106,6,"1000,1001,1002,1003,1004,1005",20000,200,True
copy,structural_features,ber,combined,8600,0.14567577906651424,0.1435502680197897,0.0008978303871117532,0.36004599448293445,6,"1000,1001,1002,1003,1004,1005",20000,200,True
copy,structural_features,ber,combined,8800,0.14029176927986556,0.13747376838398526,0.000729166641831398,0.3526518816500902,6,"1000,1001,1002,1003,1004,1005",20000,200,True
copy,structural_features,ber,combined,9000,0.12327147379401138,0.14437475481700152,0.0,0.3538331028819084,6,"1000,1001,1002,1003,1004,1005",20000,200,True
copy,structural_features,ber,combined,9200,0.1487788768962491,0.13920298601119677,0.0,0.3651304104179144,6,"1000,1001,1002,1003,1004,1005",20000,200,True
copy,structural_features,ber,combined,9400,0.11584388997910233,0.15222894153922528,0.00010051169665530324,0.3758256681635976,6,"1000,1001,1002,1003,1004,1005",20000,200,True
copy,structural_features,ber,combined,9600,0.12643712919865113,0.1342675361956104,0.0,0.3522642927616835,6,"1000,1001,1002,1003,1004,1005",20000,200,True
copy,structural_features,ber,combined,9800,0.08807654300588184,0.12655107918159633,0.0,0.3354485085979104,6,"1000,1001,1002,1003,1004,1005",20000,200,True
copy,structural_features,ber,combined,10000,0.0742488811215541,0.1191613795673796,0.0,0.32982847003266214,6,"1000,1001,1002,1003,1004,1005",20000,200,True
copy,structural_features,ber,combined,10200,0.06677626655863908,0.12487551717937703,0.0,0.34218839939683676,6,"1000,1001,1002,1003,1004,1005",20000,200,True
copy,structural_features,ber,combined,10400,0.10213915431328739,0.13466020351881158,0.0,0.33141013633459804,6,"1000,1001,1002,1003,1004,1005",20000,200,True
copy,structural_features,ber,combined,10600,0.08651839967933483,0.12217733459797657,0.0005599937471561134,0.3147105659916997,6,"1000,1001,1002,1003,1004,1005",20000,200,True
copy,structural_features,ber,combined,10800,0.05345945716757947,0.11577035228509695,3.125000046566129e-05,0.3122866380214691,6,"1000,1001,1002,1003,1004,1005",20000,200,True
copy,structural_features,ber,combined,11000,0.05293692428579864,0.11647137883193984,0.0,0.31336596608161926,6,"1000,1001,1002,1003,1004,1005",20000,200,True
copy,structural_features,ber,combined,11200,0.0827640905941371,0.10449098591573718,3.289473708719015e-05,0.30664004012942314,6,"1000,1001,1002,1003,1004,1005",20000,200,True
copy,structural_features,ber,combined,11400,0.05062557376998788,0.11146379963811907,0.0,0.29985644882544876,6,"1000,1001,1002,1003,1004,1005",20000,200,True
copy,structural_features,ber,combined,11600,0.043940002690069375,0.09805171383289288,0.0,0.2631900569796562,6,"1000,1001,1002,1003,1004,1005",20000,200,True
copy,structural_features,ber,combined,11800,0.017418965307297186,0.02754090280749951,0.0,0.07684030934702606,6,"1000,1001,1002,1003,1004,1005",20000,200,True
copy,structural_features,ber,combined,12000,0.0009204787625155101,0.0018698339083725076,0.0,0.005097525343298912,6,"1000,1001,1002,1003,1004,1005",20000,200,True
copy,structural_features,ber,combined,12200,0.002731550643608595,0.0024674536810225596,0.0,0.006959893079474568,6,"1000,1001,1002,1003,1004,1005",20000,200,True
copy,structural_features,ber,combined,12400,0.003396063291390116,0.0075938283754399755,0.0,0.020376379748340695,6,"1000,1001,1002,1003,1004,1005",20000,200,True
copy,structural_features,ber,combined,12600,0.0030253039964009075,0.0034639313622329302,0.0,0.010066233277320862,6,"1000,1001,1002,1003,1004,1005",20000,200,True
copy,structural_features,ber,combined,12800,0.0004290146535883348,0.0008915691875831329,0.0,0.002421875,6,"1000,1001,1002,1003,1004,1005",20000,200,True
copy,structural_features,ber,combined,13000,0.005076789535814897,0.01123388437316181,0.0,0.03019558569183573,6,"1000,1001,1002,1003,1004,1005",20000,200,True
copy,structural_features,ber,combined,13200,0.062170634962385514,0.07949435226452395,0.0,0.1746410734113306,6,"1000,1001,1002,1003,1004,1005",20000,200,True
copy,structural_features,ber,combined,13400,0.022356963195682814,0.044682526391105856,0.0,0.12204535191413016,6,"1000,1001,1002,1003,1004,1005",20000,200,True
copy,structural_features,ber,combined,13600,0.03303850257225956,0.05690101289420634,0.0,0.1578755757585168,6,"1000,1001,1002,1003,1004,1005",20000,200,True
copy,structural_features,ber,combined,13800,0.002117099944734946,0.003737329414331657,0.0,0.010249474698211998,6,"1000,1001,1002,1003,1004,1005",20000,200,True
copy,structural_features,ber,combined,14000,0.0252247660040545,0.05526205794983029,0.0,0.1487766387872398,6,"1000,1001,1002,1003,1004,1005",20000,200,True
copy,structural_features,ber,combined,14200,0.001428138637760033,0.002399018373835854,0.0,0.006556372642517089,6,"1000,1001,1002,1003,1004,1005",20000,200,True
copy,structural_features,ber,combined,14400,0.015765251824632287,0.03358559306883855,0.0,0.09084151094779372,6,"1000,1001,1002,1003,1004,1005",20000,200,True
copy,structural_features,ber,combined,14600,0.009804563944538434,0.021923671469731412,0.0,0.05882738366723061,6,"1000,1001,1002,1003,1004,1005",20000,200,True
copy,structural_features,ber,combined,14800,0.0007022161657611529,0.0009680652512293401,0.0,0.00216707511106506,6,"1000,1001,1002,1003,1004,1005",20000,200,True
copy,structural_features,ber,combined,15000,0.003274912720468516,0.005190631740640929,0.0,0.014603422486688942,6,"1000,1001,1002,1003,1004,1005",20000,200,True
copy,structural_features,ber,combined,15200,0.01204222541574078,0.025972551193804594,0.0,0.07009179200977086,6,"1000,1001,1002,1003,1004,1005",20000,200,True
copy,structural_features,ber,combined,15400,0.0007209201351118583,0.0014927292936207511,0.0,0.004054687470197677,6,"1000,1001,1002,1003,1004,1005",20000,200,True
copy,structural_features,ber,combined,15600,0.042194362683609744,0.09336643714454272,0.0,0.2509602937661111,6,"1000,1001,1002,1003,1004,1005",20000,200,True
copy,structural_features,ber,combined,15800,0.062447687585372474,0.13295135115880102,0.0,0.3594764506164938,6,"1000,1001,1002,1003,1004,1005",20000,200,True
copy,structural_features,ber,combined,16000,0.05098807646349693,0.08845087879765347,0.0,0.24278226690832524,6,"1000,1001,1002,1003,1004,1005",20000,200,True
copy,structural_features,ber,combined,16200,0.00270818296354264,0.004440425394070123,0.0,0.012450396614149213,6,"1000,1001,1002,1003,1004,1005",20000,200,True
copy,structural_features,ber,combined,16400,0.0019850407044092813,0.0035513985966589565,0.0,0.009722744226455688,6,"1000,1001,1002,1003,1004,1005",20000,200,True
copy,structural_features,ber,combined,16600,0.005611321198909233,0.006831970147243082,0.0,0.01720955398399383,6,"1000,1001,1002,1003,1004,1005",20000,200,True
copy,structural_features,ber,combined,16800,0.0005781250000776102,0.0012788022858805997,0.0,0.0034375,6,"1000,1001,1002,1003,1004,1005",20000,200,True
copy,structural_features,ber,combined,17000,8.68055581425627e-06,1.9410312883158058e-05,0.0,5.2083334885537625e-05,6,"1000,1001,1002,1003,1004,1005",20000,200,True
copy,structural_features,ber,combined,17200,0.03725280429430616,0.06454349464031031,0.0,0.17960824325680733,6,"1000,1001,1002,1003,1004,1005",20000,200,True
copy,structural_features,ber,combined,17400,0.006149127560978134,0.011102583743238246,0.0,0.030402778065763414,6,"1000,1001,1002,1003,1004,1005",20000,200,True
copy,structural_features,ber,combined,17600,0.0006806445812496047,0.001491126678023009,0.0,0.004014423042535782,6,"1000,1001,1002,1003,1004,1005",20000,200,True
copy,structural_features,ber,combined,17800,0.0002916666686845323,0.0006521864979495233,0.0,0.0017500000121071935,6,"1000,1001,1002,1003,1004,1005",20000,200,True
copy,structural_features,ber,combined,18000,0.00231163057188193,0.005168963097594709,0.0,0.01386978343129158,6,"1000,1001,1002,1003,1004,1005",20000,200,True
copy,structural_features,ber,combined,18200,0.001584549326604853,0.002549031183077948,0.0,0.006889423104003072,6,"1000,1001,1002,1003,1004,1005",20000,200,True
copy,structural_features,ber,combined,18400,0.0037862242094706742,0.006001409212078419,0.0,0.016053113490343093,6,"1000,1001,1002,1003,1004,1005",20000,200,True
copy,structural_features,ber,combined,18600,0.0022321743987655887,0.002824831797076972,0.0,0.007861796452198177,6,"1000,1001,1002,1003,1004,1005",20000,200,True
copy,structural_features,ber,combined,18800,0.0010572333187640955,0.0015680783353380623,0.0,0.004032738208770752,6,"1000,1001,1002,1003,1004,1005",20000,200,True
copy,structural_features,ber,combined,19000,0.0024088679999113086,0.004390062689093622,0.0,0.012022652477025986,6,"1000,1001,1002,1003,1004,1005",20000,200,True
copy,structural_features,ber,combined,19200,0.0005773809424135834,0.000847456827619686,0.0,0.0021249999362044037,6,"1000,1001,1002,1003,1004,1005",20000,200,True
copy,structural_features,ber,combined,19400,5.2083334109435486e-06,1.1646187556353122e-05,0.0,3.125000046566129e-05,6,"1000,1001,1002,1003,1004,1005",20000,200,True
copy,structural_features,ber,combined,19600,0.00036184211572011315,0.0008091035678725183,0.0,0.0021710526943206788,6,"1000,1001,1002,1003,1004,1005",20000,200,True
copy,structural_features,ber,combined,19800,0.0021247519575990736,0.0021189187372198416,0.0,0.004548611044883728,6,"1000,1001,1002,1003,1004,1005",20000,200,True
copy,structural_features,ber,combined,20000,0.00032346492012341814,0.0007232895497325026,0.0,0.001940789520740509,6,"1000,1001,1002,1003,1004,1005",20000,200,True
